bio:participant,Identifier,dcterms:title,Title,bio:date,dcterms:type,dcterms:description,Type,foaf:age ,schema:value ,schema:location ,SJ,relationship:knowsOf ,SJ,relationship:knowsOf ,dcterms:source ,dcterms:source ,,,,,
1488,4000,"1763, Nanny, inventory",Nanny,1763,inventory,,inventory,,,6,John Lewis,1004,,,http://slaveryarchive.georgetown.edu/items/show/61,,,,,,
1489,4001,"1763, Kate, inventory",Kate,1763,inventory,,inventory,,,6,John Lewis,1004,,,http://slaveryarchive.georgetown.edu/items/show/61,,,,,,
1490,4002,"1763, Fanny, inventory",Fanny,1763,inventory,,inventory,,,6,John Lewis,1004,,,http://slaveryarchive.georgetown.edu/items/show/61,,,,,,
1491,4003,"1763, Samuel, inventory",Samuel,1763,inventory,,inventory,,,6,John Lewis,1004,,,http://slaveryarchive.georgetown.edu/items/show/61,,,,,,
1492,4004,"1763, Terry, inventory",Terry,1763,inventory,,inventory,,,6,John Lewis,1004,,,http://slaveryarchive.georgetown.edu/items/show/61,,,,,,
1493,4005,"1763, Regis, inventory",Regis,1763,inventory,,inventory,,,6,John Lewis,1004,,,http://slaveryarchive.georgetown.edu/items/show/61,,,,,,
1495,4006,"1763, Jenny, inventory",Jenny,1763,inventory,,inventory,,,6,John Lewis,1004,,,http://slaveryarchive.georgetown.edu/items/show/61,,,,,,
1469,4007,"1763, Frank, inventory",Frank,1763,inventory,,inventory,,,6,John Lewis,1004,,,http://slaveryarchive.georgetown.edu/items/show/61,,,,,,
1497,4008,"1763, Lucy, inventory",Lucy,1763,inventory,child not capable of work,inventory,,,6,John Lewis,1004,,,http://slaveryarchive.georgetown.edu/items/show/61,,,,,,
1498,4009,"1763, David, inventory",David,1763,inventory,child not capable of work,inventory,,,6,John Lewis,1004,,,http://slaveryarchive.georgetown.edu/items/show/61,,,,,,
1499,4010,"1763, Nancy, inventory",Nancy,1763,inventory,child not capable of work,inventory,,,6,John Lewis,1004,,,http://slaveryarchive.georgetown.edu/items/show/61,,,,,,
1500,4011,"1763, Paul, inventory",Paul,1763,inventory,child not capable of work,inventory,,,6,John Lewis,1004,,,http://slaveryarchive.georgetown.edu/items/show/61,,,,,,
1501,4012,"1763, Henrietta, inventory",Henrietta,1763,inventory,child not capable of work,inventory,,,6,John Lewis,1004,,,http://slaveryarchive.georgetown.edu/items/show/61,,,,,,
1502,4013,"1763, Nanny, inventory",Nanny,1763,inventory,past service,inventory, aged each near 70,,6,John Lewis,1004,,,http://slaveryarchive.georgetown.edu/items/show/61,,,,,,
1502,4013,"1763, Nanny Cooper, inventory",Nanny Cooper,1763,inventory,advanced in age and mother of many children,inventory,,,1119,John Lewis,1004,,,http://slaveryarchive.georgetown.edu/items/show/61,,,,,,
1503,4014,"1763, Mina, inventory",Mina,1763,inventory,child not capable of work,inventory,,,1119,John Lewis,1004,,,http://slaveryarchive.georgetown.edu/items/show/61,,,,,,
1504,4015,"1763, Simon, inventory",Simon,1763,inventory,child not capable of work,inventory,,,1119,John Lewis,1004,,,http://slaveryarchive.georgetown.edu/items/show/61,,,,,,
1505,4016,"1763, Henny, inventory",Henny,1763,inventory,child not capable of work,inventory,,,1119,John Lewis,1004,,,http://slaveryarchive.georgetown.edu/items/show/61,,,,,,
1506,4017,"1763, Sarah, inventory",Sarah,1763,inventory,,inventory,,,1119,John Lewis,1004,,,http://slaveryarchive.georgetown.edu/items/show/61,,,,,,
1506,4017,"1763, Sarah, inventory",Sarah,1763,inventory,past service,inventory,,,1119,John Lewis,1004,,,http://slaveryarchive.georgetown.edu/items/show/61,,,,,,
1507,4018,"1763, Doll , inventory",Doll ,1763,inventory,child not capable of work,inventory,,,1119,John Lewis,1004,,,http://slaveryarchive.georgetown.edu/items/show/61,,,,,,
1507,4018,"1763, Doll , inventory",Doll ,1763,inventory,past service,inventory,,,1119,John Lewis,1004,,,http://slaveryarchive.georgetown.edu/items/show/61,,,,,,
1508,4019,"1763, Dick , inventory",Dick ,1763,inventory,child not capable of work,inventory,,,1119,John Lewis,1004,,,http://slaveryarchive.georgetown.edu/items/show/61,,,,,,
1509,4020,"1763, Peter, inventory",Peter,1763,inventory,child not capable of work,inventory,,,1119,John Lewis,1004,,,http://slaveryarchive.georgetown.edu/items/show/61,,,,,,
1510,4021,"1763, James  , inventory",James  ,1763,inventory,child not capable of work,inventory,,,1119,John Lewis,1004,,,http://slaveryarchive.georgetown.edu/items/show/61,,,,,,
1511,4022,"1763, Phyllis, inventory",Phyllis,1763,inventory,advanced in age and mother of many children,inventory,,,1119,John Lewis,1004,,,http://slaveryarchive.georgetown.edu/items/show/61,,,,,,
1512,4023,"1763, Mary, inventory",Mary,1763,inventory,child not capable of work,inventory,,,1119,John Lewis,1004,,,http://slaveryarchive.georgetown.edu/items/show/61,,,,,,
1513,4024,"1763, Peggy, inventory",Peggy,1763,inventory,child not capable of work,inventory,,,1119,John Lewis,1004,,,http://slaveryarchive.georgetown.edu/items/show/61,,,,,,
1514,4025,"1763, Sall, inventory",Sall,1763,inventory,child not capable of work,inventory,,,1119,John Lewis,1004,,,http://slaveryarchive.georgetown.edu/items/show/61,,,,,,
1515,4026,"1763, Winifred, inventory",Winifred,1763,inventory,child not capable of work,inventory,,,1119,John Lewis,1004,,,http://slaveryarchive.georgetown.edu/items/show/61,,,,,,
1516,4027,"1763, Mary, inventory",Mary,1763,inventory,,inventory,,,1119,John Lewis,1004,,,http://slaveryarchive.georgetown.edu/items/show/61,,,,,,
1516,4027,"1763, Mary, inventory",Mary,1763,inventory,,inventory,,,6,John Lewis,1004,,,http://slaveryarchive.georgetown.edu/items/show/61,,,,,,
1517,4028,"1763, Nancy, inventory",Nancy,1763,inventory,child not capable of work,inventory,,,1119,John Lewis,1004,,,http://slaveryarchive.georgetown.edu/items/show/61,,,,,,
1518,4029,"1763, Cate, inventory",Cate,1763,inventory,child not capable of work,inventory,,,1119,John Lewis,1004,,,http://slaveryarchive.georgetown.edu/items/show/61,,,,,,
1519,4030,"1763, Rachel, inventory",Rachel,1763,inventory,child not capable of work,inventory,,,1119,John Lewis,1004,,,http://slaveryarchive.georgetown.edu/items/show/61,,,,,,
1520,4031,"1763, Priscilla, inventory",Priscilla,1763,inventory,child not capable of work,inventory,,,1119,John Lewis,1004,,,http://slaveryarchive.georgetown.edu/items/show/61,,,,,,
1521,4032,"1763, Tom, inventory",Tom,1763,inventory,past service,inventory,,,1119,John Lewis,1004,,,http://slaveryarchive.georgetown.edu/items/show/61,,,,,,
1522,4033,"1763, Susanna, inventory",Susanna,1763,inventory,past service,inventory,,,1119,John Lewis,1004,,,http://slaveryarchive.georgetown.edu/items/show/61,,,,,,
1523,4034,"1763, Betty, inventory",Betty,1763,inventory,past service,inventory,,,1119,John Lewis,1004,,,http://slaveryarchive.georgetown.edu/items/show/61,,,,,,
1524,4035,"1763, Charity, inventory",Charity,1763,inventory,,inventory,,,6,John Lewis,1004,,,http://slaveryarchive.georgetown.edu/items/show/61,,,,,,
1525,4036,"1763, Monica, inventory",Monica,1763,inventory,child not capable of work,inventory,,,6,John Lewis,1004,,,http://slaveryarchive.georgetown.edu/items/show/61,,,,,,
1526,4037,"1763, Ambrose, inventory",Ambrose,1763,inventory,child not capable of work,inventory,,,6,John Lewis,1004,,,http://slaveryarchive.georgetown.edu/items/show/61,,,,,,
1527,4038,"1763, Ned, inventory",Ned,1763,inventory,child not capable of work,inventory,,,6,John Lewis,1004,,,http://slaveryarchive.georgetown.edu/items/show/61,,,,,,
1528,4039,"1763, Eilliiam, inventory",Eilliiam,1763,inventory,child not capable of work,inventory,,,6,John Lewis,1004,,,http://slaveryarchive.georgetown.edu/items/show/61,,,,,,
1529,4040,"1763, Nancy, inventory",Nancy,1763,inventory,child not capable of work,inventory,,,6,John Lewis,1004,,,http://slaveryarchive.georgetown.edu/items/show/61,,,,,,
1530,4041,"1763, Basil, inventory",Basil,1763,inventory,child not capable of work,inventory,,,6,John Lewis,1004,,,http://slaveryarchive.georgetown.edu/items/show/61,,,,,,
1532,4042,"1763, Nelly, inventory",Nelly,1763,inventory,,inventory,,,6,John Lewis,1004,,,http://slaveryarchive.georgetown.edu/items/show/61,,,,,,
1532,4042,"1763, Nelly, inventory",Nelly,1763,inventory,cook,inventory,,,6,John Lewis,1004,,,http://slaveryarchive.georgetown.edu/items/show/61,,,,,,
1533,4043,"1763, Jack, inventory",Jack,1763,inventory,child not capable of work,inventory,,,6,John Lewis,1004,,,http://slaveryarchive.georgetown.edu/items/show/61,,,,,,
1534,4044,"1763, Charles, inventory",Charles,1763,inventory,child not capable of work,inventory,,,6,John Lewis,1004,,,http://slaveryarchive.georgetown.edu/items/show/61,,,,,,
1535,4045,"1763, James  , inventory",James  ,1763,inventory,child not capable of work,inventory,,,6,John Lewis,1004,,,http://slaveryarchive.georgetown.edu/items/show/61,,,,,,
1536,4046,"1763, Patric, inventory",Patric,1763,inventory,child not capable of work,inventory,,,6,John Lewis,1004,,,http://slaveryarchive.georgetown.edu/items/show/61,,,,,,
1537,4047,"1763, Anastasia, inventory",Anastasia,1763,inventory,child not capable of work,inventory,,,6,John Lewis,1004,,,http://slaveryarchive.georgetown.edu/items/show/61,,,,,,
1538,4048,"1763, Henny, inventory",Henny,1763,inventory,,inventory,,,6,John Lewis,1004,,,http://slaveryarchive.georgetown.edu/items/show/61,,,,,,
1539,4049,"1763, Harry, inventory",Harry,1763,inventory,child not capable of work,inventory,,,6,John Lewis,1004,,,http://slaveryarchive.georgetown.edu/items/show/61,,,,,,
1540,4050,"1763, Mary, inventory",Mary,1763,inventory,child not capable of work,inventory,,,6,John Lewis,1004,,,http://slaveryarchive.georgetown.edu/items/show/61,,,,,,
1541,4051,"1763, Lucy, inventory",Lucy,1763,inventory,child not capable of work,inventory,,,6,John Lewis,1004,,,http://slaveryarchive.georgetown.edu/items/show/61,,,,,,
1542,4052,"1763, Mary, inventory",Mary,1763,inventory,child not capable of work,inventory,,,6,John Lewis,1004,,,http://slaveryarchive.georgetown.edu/items/show/61,,,,,,
1543,4053,"1763, Susan , inventory",Susan ,1763,inventory,,inventory,,,6,John Lewis,1004,,,http://slaveryarchive.georgetown.edu/items/show/61,,,,,,
1544,4054,"1763, Ned, inventory",Ned,1763,inventory,child not capable of work,inventory,,,6,John Lewis,1004,,,http://slaveryarchive.georgetown.edu/items/show/61,,,,,,
1545,4056,"1763, Fanny, inventory",Fanny,1763,inventory,child not capable of work,inventory,,,6,John Lewis,1004,,,http://slaveryarchive.georgetown.edu/items/show/61,,,,,,
1546,4057,"1763, Cate, inventory",Cate,1763,inventory,,inventory,,,6,John Lewis,1004,,,http://slaveryarchive.georgetown.edu/items/show/61,,,,,,
1547,4058,"1763, John, inventory",John,1763,inventory,past service,inventory, aged each near 70,,6,John Lewis,1004,,,http://slaveryarchive.georgetown.edu/items/show/61,,,,,,
1548,4059,"1763, Nell, inventory",Nell,1763,inventory,past service,inventory, aged each near 70,,6,John Lewis,1004,,,http://slaveryarchive.georgetown.edu/items/show/61,,,,,,
1549,4060,"1763, Jamson, inventory",Jamson,1763,inventory,past service,inventory, aged each near 70,,6,John Lewis,1004,,,http://slaveryarchive.georgetown.edu/items/show/61,,,,,,
1550,4061,"1763, Jenny, inventory",Jenny,1763,inventory,past service,inventory, aged each near 70,,6,John Lewis,1004,,,http://slaveryarchive.georgetown.edu/items/show/61,,,,,,
1551,4062,"1763, Isaac, inventory",Isaac,1763,inventory,carpenter,inventory,,,6,John Lewis,1004,,,http://slaveryarchive.georgetown.edu/items/show/61,,,,,,
1552,4063,"1763, Isaac, inventory",Isaac,1763,inventory,carpenter,inventory,,,6,John Lewis,1004,,,http://slaveryarchive.georgetown.edu/items/show/61,,,,,,
1553,4064,"1763, Robert, inventory",Robert,1763,inventory,shoemaker,inventory,,,6,John Lewis,1004,,,http://slaveryarchive.georgetown.edu/items/show/61,,,,,,
1554,4065,"1763, Robert, inventory",Robert,1763,inventory,shoemaker,inventory,,,6,John Lewis,1004,,,http://slaveryarchive.georgetown.edu/items/show/61,,,,,,
1555,4066,"1763, Tom, inventory",Tom,1763,inventory,shoemaker,inventory,,,6,John Lewis,1004,,,http://slaveryarchive.georgetown.edu/items/show/61,,,,,,
1556,4067,"1763, Susanna, inventory",Susanna,1763,inventory,,inventory,,,6,John Lewis,1004,,,http://slaveryarchive.georgetown.edu/items/show/61,,,,,,
1557,4068,"1763, Betty, inventory",Betty,1763,inventory,,inventory,,,6,John Lewis,1004,,,http://slaveryarchive.georgetown.edu/items/show/61,,,,,,
1558,4069,"1763, Gervais, inventory",Gervais,1763,inventory,,inventory,,,6,John Lewis,1004,,,http://slaveryarchive.georgetown.edu/items/show/61,,,,,,
1559,4070,"1763, Johnny, inventory",Johnny,1763,inventory,dead,inventory,,,6,John Lewis,1004,,,http://slaveryarchive.georgetown.edu/items/show/61,,,,,,
1560,4071,"1763, Ralph, inventory",Ralph,1763,inventory,,inventory,,,6,John Lewis,1004,,,http://slaveryarchive.georgetown.edu/items/show/61,,,,,,
1561,4072,"1763, Shanny, inventory",Shanny,1763,inventory,,inventory,,,6,John Lewis,1004,,,http://slaveryarchive.georgetown.edu/items/show/61,,,,,,
1562,4073,"1763, Thomas, inventory",Thomas,1763,inventory,,inventory,,,6,John Lewis,1004,,,http://slaveryarchive.georgetown.edu/items/show/61,,,,,,
1564,4075,"1763, Priscilla, inventory",Priscilla,1763,inventory,,inventory,,,6,John Lewis,1004,,,http://slaveryarchive.georgetown.edu/items/show/61,,,,,,
1565,4076,"1763, Andrew, inventory",Andrew,1763,inventory,,inventory,,,6,John Lewis,1004,,,http://slaveryarchive.georgetown.edu/items/show/61,,,,,,
1566,4077,"1763, Sall, inventory",Sall,1763,inventory,,inventory,,,6,John Lewis,1004,,,http://slaveryarchive.georgetown.edu/items/show/61,,,,,,
1567,4078,"1763, Johnny, inventory",Johnny,1763,inventory,,inventory,,,6,John Lewis,1004,,,http://slaveryarchive.georgetown.edu/items/show/61,,,,,,
1568,4079,"1763, Billy, inventory",Billy,1763,inventory,,inventory,,,6,John Lewis,1004,,,http://slaveryarchive.georgetown.edu/items/show/61,,,,,,
1569,4080,"1763, Regis, inventory",Regis,1763,inventory,,inventory,,,6,John Lewis,1004,,,http://slaveryarchive.georgetown.edu/items/show/61,,,,,,
1570,4081,"1763, Nell, inventory",Nell,1763,inventory,,inventory,,,6,John Lewis,1004,,,http://slaveryarchive.georgetown.edu/items/show/61,,,,,,
1571,4082,"1763, Nell, inventory",Nell,1763,inventory,,inventory,,,6,John Lewis,1004,,,http://slaveryarchive.georgetown.edu/items/show/61,,,,,,
1572,4083,"1763, Doll , inventory",Doll ,1763,inventory,,inventory,,,6,John Lewis,1004,,,http://slaveryarchive.georgetown.edu/items/show/61,,,,,,
1573,4084,"1763, Ruth, inventory",Ruth,1763,inventory,,inventory,,,6,John Lewis,1004,,,http://slaveryarchive.georgetown.edu/items/show/61,,,,,,
1574,4085,"1763, Davi , inventory",Davi ,1763,inventory,,inventory,,,6,John Lewis,1004,,,http://slaveryarchive.georgetown.edu/items/show/61,,,,,,
1575,4086,"1763, Peter, inventory",Peter,1763,inventory,,inventory,,,6,John Lewis,1004,,,http://slaveryarchive.georgetown.edu/items/show/61,,,,,,
1760,4220,"1763, Priscilla, inventory",Priscilla,1763,inventory,spinster and cripple,inventory,,,6,John Lewis,1004,,,http://slaveryarchive.georgetown.edu/items/show/61,,,,,,
1212,4221,"1763, Sampson, inventory",Sampson,1763,inventory,,inventory,,,6,John Lewis,1004,,,http://slaveryarchive.georgetown.edu/items/show/61,,,,,,
1256,6000,"1788, Mary, inventory",Mary,1788,inventory,mending,inventory,,,2,,,,,http://slaveryarchive.georgetown.edu/items/show/170,,,,,,
1800,6033,"1788, Nell, inventory",Nell,1788,inventory,mending,inventory,,,2,,,,,http://slaveryarchive.georgetown.edu/items/show/170,,,,,,
1578,6046,"1788, Gery, inventory",Gery,1788,inventory,,inventory,,,2,,,,,http://slaveryarchive.georgetown.edu/items/show/170,,,,,,
1579,6047,"1788, Gim (Jim?), inventory",Gim (Jim?),1788,inventory,,inventory,,,2,,,,,http://slaveryarchive.georgetown.edu/items/show/170,,,,,,
1580,6049,"1788, Ragis , inventory",Ragis ,1788,inventory,,inventory,,,2,,,,,http://slaveryarchive.georgetown.edu/items/show/170,,,,,,
1581,6050,"1788, Ginne, inventory",Ginne,1788,inventory,,inventory,,,2,,,,,http://slaveryarchive.georgetown.edu/items/show/170,,,,,,
1582,6051,"1788, Jasper, inventory",Jasper,1788,inventory,,inventory,,,2,,,,,http://slaveryarchive.georgetown.edu/items/show/170,,,,,,
1583,6052,"1788, Hal, inventory",Hal,1788,inventory,,inventory,,,2,,,,,http://slaveryarchive.georgetown.edu/items/show/170,,,,,,
1584,6055,"1788, George, inventory",George,1788,inventory,,inventory,,,2,,,,,http://slaveryarchive.georgetown.edu/items/show/170,,,,,,
1585,6057,"1788, John, inventory",John,1788,inventory,,inventory,,,2,,,,,http://slaveryarchive.georgetown.edu/items/show/170,,,,,,
1586,6061,"1788, Heney, inventory",Heney,1788,inventory,,inventory,,,2,,,,,http://slaveryarchive.georgetown.edu/items/show/170,,,,,,
1587,6062,"1788, Hal, inventory",Hal,1788,inventory,,inventory,,,2,,,,,http://slaveryarchive.georgetown.edu/items/show/170,,,,,,
1590,6066,"1788, John, inventory",John,1788,inventory,mending,inventory,,,2,,,,,http://slaveryarchive.georgetown.edu/items/show/170,,,,,,
1591,6067,"1788, Gene, inventory",Gene,1788,inventory,,inventory,,,2,,,,,http://slaveryarchive.georgetown.edu/items/show/170,,,,,,
1592,6071,"1788, Harry, inventory",Harry,1788,inventory,,inventory,,,2,,,,,http://slaveryarchive.georgetown.edu/items/show/170,,,,,,
1593,6072,"1788, Liner, inventory",Liner,1788,inventory,Dina,inventory,,,2,,,,,http://slaveryarchive.georgetown.edu/items/show/170,,,,,,
1814,6122,"1788, George, inventory",George,1788,inventory,,inventory,,,2,,,,,http://slaveryarchive.georgetown.edu/items/show/170,,,,,,
1815,6123,"1788, Flory, inventory",Flory,1788,inventory,,inventory,,,2,,,,,http://slaveryarchive.georgetown.edu/items/show/170,,,,,,
1816,6125,"1788, Toney, inventory",Toney,1788,inventory,,inventory,,,2,,,,,http://slaveryarchive.georgetown.edu/items/show/170,,,,,,
1817,6126,"1788, Toney wife (Retta), inventory",Toney wife (Retta),1788,inventory,,inventory,,,2,,,,,http://slaveryarchive.georgetown.edu/items/show/170,,,,,,
1818,6128,"1788, Mical, inventory",Mical,1788,inventory,,inventory,,,2,,,,,http://slaveryarchive.georgetown.edu/items/show/170,,,,,,
1819,6129,"1788, Becke, inventory",Becke,1788,inventory,,inventory,,,2,,,,,http://slaveryarchive.georgetown.edu/items/show/170,,,,,,
1599,7101,"1810, Liddy, inventory",Liddy,1810,inventory,present at GTC,inventory,,,7,,,,,GUArchives-DayBook-1809-1812.json,,,,,,
1600,7114,"1810, Matt, inventory",Matt,1810,inventory,present at GTC,inventory,,,7,,,,,GUArchives-DayBook-1809-1812.json,,,,,,
1601,7115,"1810, Dick, inventory",Dick,1810,inventory,present at GTC,inventory,,,7,,,,,GUArchives-DayBook-1809-1812.json,,,,,,
1602,7116,"1810, Isaac, inventory",Isaac,1810,inventory,present at GTC,inventory,,,7,,,,,GUArchives-DayBook-1809-1812.json,,,,,,
1603,7117,"1810, Charles, inventory",Charles,1810,inventory,present at GTC,inventory,,,7,,,,,GUArchives-DayBook-1809-1812.json,,,,,,
1604,7118,"1810, Jenny Medley, inventory",Jenny Medley,1810,inventory,present at GTC,inventory,,,7,,,,,GUArchives-DayBook-1809-1812.json,,,,,,
1605,7119,"1810, Jenny (Matt's wife), inventory",Jenny (Matt's wife),1810,inventory,present at GTC,inventory,,,7,,,,,GUArchives-DayBook-1809-1812.json,,,,,,
1606,7120,"1810, Rachael, inventory",Rachael,1810,inventory,present at GTC,inventory,,,7,,,,,GUArchives-DayBook-1809-1812.json,,,,,,
1607,7121,"1810, Nancy Proctor, inventory",Nancy Proctor,1810,inventory,present at GTC,inventory,,,7,,,,,GUArchives-DayBook-1809-1812.json,,,,,,
1608,7122,"1810, Milly Proctor, inventory",Milly Proctor,1810,inventory,present at GTC,inventory,,,7,,,,,GUArchives-DayBook-1809-1812.json,,,,,,
1600,7114,"1811, Matt, inventory",Matt,1811,inventory,present at GTC,inventory,,,7,,,,,GUArchives-DayBook-1809-1812.json,,,,,,
1601,7115,"1811, Dick, inventory",Dick,1811,inventory,present at GTC,inventory,,,7,,,,,GUArchives-DayBook-1809-1812.json,,,,,,
1602,7116,"1811, Isaac, inventory",Isaac,1811,inventory,present at GTC,inventory,,,7,,,,,GUArchives-DayBook-1809-1812.json,,,,,,
1600,7114,"1812, Matt, inventory",Matt,1812,inventory,present at GTC,inventory,,,7,,,,,GUArchives-DayBook-1809-1812.json,,,,,,
1601,7115,"1812, Dick, inventory",Dick,1812,inventory,present at GTC,inventory,,,7,,,,,GUArchives-DayBook-1809-1812.json,,,,,,
1602,7116,"1812, Isaac, inventory",Isaac,1812,inventory,present at GTC,inventory,,,7,,,,,GUArchives-DayBook-1809-1812.json,,,,,,
1605,7119,"1812, Jenny, inventory",Jenny,1812,inventory,present at GTC,inventory,,,7,,,,,GUArchives-DayBook-1809-1812.json,,,,,,
1606,7120,"1812, Rachael, inventory",Rachael,1812,inventory,present at GTC,inventory,,,7,,,,,GUArchives-DayBook-1809-1812.json,,,,,,
1607,7121,"1812, Nancy Proctor, inventory",Nancy Proctor,1812,inventory,present at GTC,inventory,,,7,,,,,GUArchives-DayBook-1809-1812.json,,,,,,
1608,7122,"1812, Molly Proctor, inventory",Molly Proctor,1812,inventory,present at GTC,inventory,,,7,,,,,GUArchives-DayBook-1809-1812.json,,,,,,
1609,7123,"1812, Peter, inventory",Peter,1812,inventory,present at GTC,inventory,,,7,,,,,GUArchives-DayBook-1809-1812.json,,,,,,
1610,7124,"1812, Priss, inventory",Priss,1812,inventory,present at GTC,inventory,,,7,,,,,GUArchives-DayBook-1809-1812.json,,,,,,
1611,7125,"1812, Polly, inventory",Polly,1812,inventory,present at GTC,inventory,,,7,,,,,GUArchives-DayBook-1809-1812.json,,,,,,
1600,7114,"1813, Matt, inventory",Matt,1813,inventory,present at GTC,inventory,,,7,,,,,GUArchives-DayBook-1812-1813.json,,,,,,
1601,7115,"1813, Dick, inventory",Dick,1813,inventory,present at GTC,inventory,,,7,,,,,GUArchives-DayBook-1812-1813.json,,,,,,
1602,7116,"1813, Isaac, inventory",Isaac,1813,inventory,present at GTC,inventory,,,7,,,,,GUArchives-DayBook-1812-1813.json,,,,,,
1605,7119,"1813, Jenny (Matt's wife), inventory",Jenny (Matt's wife),1813,inventory,present at GTC,inventory,,,7,,,,,GUArchives-DayBook-1812-1813.json,,,,,,
1606,7120,"1813, Rachael, inventory",Rachael,1813,inventory,present at GTC,inventory,,,7,,,,,GUArchives-DayBook-1812-1813.json,,,,,,
1607,7121,"1813, Nancy Proctor, inventory",Nancy Proctor,1813,inventory,present at GTC,inventory,,,7,,,,,GUArchives-DayBook-1812-1813.json,,,,,,
1608,7122,"1813, Molly Proctor, inventory",Molly Proctor,1813,inventory,present at GTC,inventory,,,7,,,,,GUArchives-DayBook-1812-1813.json,,,,,,
1609,7123,"1813, Peter, inventory",Peter,1813,inventory,present at GTC,inventory,,,7,,,,,GUArchives-DayBook-1812-1813.json,,,,,,
1610,7124,"1813, Prissy, inventory",Prissy,1813,inventory,present at GTC,inventory,,,7,,,,,GUArchives-DayBook-1812-1813.json,,,,,,
1611,7125,"1813, Polly, inventory",Polly,1813,inventory,present at GTC,inventory,,,7,,,,,GUArchives-DayBook-1812-1813.json,,,,,,
1600,7114,"1814, Matt, inventory",Matt,1814,inventory,present at GTC,inventory,,,7,,,,,GUArchives-DayBook-1812-1813.json,,,,,,
1601,7115,"1814, Dick, inventory",Dick,1814,inventory,present at GTC,inventory,,,7,,,,,GUArchives-DayBook-1812-1813.json,,,,,,
1602,7116,"1814, Isaac, inventory",Isaac,1814,inventory,present at GTC,inventory,,,7,,,,,GUArchives-DayBook-1812-1813.json,,,,,,
1605,7119,"1814, Jenny (Matt's wife), inventory",Jenny (Matt's wife),1814,inventory,present at GTC,inventory,,,7,,,,,GUArchives-DayBook-1812-1813.json,,,,,,
1606,7120,"1814, Rachael, inventory",Rachael,1814,inventory,present at GTC,inventory,,,7,,,,,GUArchives-DayBook-1812-1813.json,,,,,,
1607,7121,"1814, Nancy Proctor, inventory",Nancy Proctor,1814,inventory,present at GTC,inventory,,,7,,,,,GUArchives-DayBook-1812-1813.json,,,,,,
1608,7122,"1814, Molly Proctor, inventory",Molly Proctor,1814,inventory,present at GTC,inventory,,,7,,,,,GUArchives-DayBook-1812-1813.json,,,,,,
1611,7125,"1814, Polly, inventory",Polly,1814,inventory,present at GTC,inventory,,,7,,,,,GUArchives-DayBook-1812-1813.json,,,,,,
1612,7126,"1814, Ned, inventory",Ned,1814,inventory,present at GTC,inventory,,,7,,,,,GUArchives-DayBook-1812-1813.json,,,,,,
1613,7127,"1814, Cassimere, inventory",Cassimere,1814,inventory,present at GTC,inventory,,,7,,,,,GUArchives-DayBook-1812-1813.json,,,,,,
1614,7128,"1814, Aime, inventory",Aime,1814,inventory,present at GTC,inventory,,,7,,,,,GUArchives-DayBook-1812-1813.json,,,,,,
1615,7129,"1814, Louisa, inventory",Louisa,1814,inventory,present at GTC,inventory,,,7,,,,,GUArchives-DayBook-1812-1813.json,,,,,,
1670,2228,"1831, Nace, tax assessment",Nace,1831,inventory,,tax assessment,46,110,3,Joseph Carberry,998,,,http://slaveryarchive.georgetown.edu/items/show/78,,,,,,
1994,2236,"1831, Sam, tax assessment",Sam,1831,inventory,,tax assessment,20,125,3,Joseph Carberry,998,,,http://slaveryarchive.georgetown.edu/items/show/78,,,,,,
1995,2237,"1831, Hillary, tax assessment",Hillary,1831,inventory,,tax assessment,17,125,3,Joseph Carberry,998,,,http://slaveryarchive.georgetown.edu/items/show/78,,,,,,
1983,2243,"1831, John, tax assessment",John,1831,inventory,,tax assessment,25,125,3,Joseph Carberry,998,,,http://slaveryarchive.georgetown.edu/items/show/78,,,,,,
1984,2244,"1831, Michael, tax assessment",Michael,1831,inventory,,tax assessment,24,125,3,Joseph Carberry,998,,,http://slaveryarchive.georgetown.edu/items/show/78,,,,,,
1985,2245,"1831, Ned, tax assessment",Ned,1831,inventory,,tax assessment,21,125,3,Joseph Carberry,998,,,http://slaveryarchive.georgetown.edu/items/show/78,,,,,,
1986,2246,"1831, Isaac, tax assessment",Isaac,1831,inventory,,tax assessment,17,125,3,Joseph Carberry,998,,,http://slaveryarchive.georgetown.edu/items/show/78,,,,,,
1998,2248,"1831, Reagous, tax assessment",Reagous,1831,inventory,,tax assessment,23,125,3,Joseph Carberry,998,,,http://slaveryarchive.georgetown.edu/items/show/78,,,,,,
1989,2249,"1831, Basil, tax assessment",Basil,1831,inventory,,tax assessment,21,125,3,Joseph Carberry,998,,,http://slaveryarchive.georgetown.edu/items/show/78,,,,,,
1991,2251,"1831, Nelly, tax assessment",Nelly,1831,inventory,infirm,tax assessment,53,0,3,Joseph Carberry,998,,,http://slaveryarchive.georgetown.edu/items/show/78,,,,,,
1352,2254,"1831, Bob, tax assessment",Bob,1831,inventory,,tax assessment,36,125,3,Joseph Carberry,998,,,http://slaveryarchive.georgetown.edu/items/show/78,,,,,,
1354,2257,"1831, Frederick, tax assessment",Frederick,1831,inventory,infirm,tax assessment,55,0,3,Joseph Carberry,998,,,http://slaveryarchive.georgetown.edu/items/show/78,,,,,,
1356,2259,"1831, Jack, tax assessment",Jack,1831,inventory,,tax assessment,24,125,3,Joseph Carberry,998,,,http://slaveryarchive.georgetown.edu/items/show/78,,,,,,
1358,2261,"1831, Watt, tax assessment",Watt,1831,inventory,,tax assessment,39,125,3,Joseph Carberry,998,,,http://slaveryarchive.georgetown.edu/items/show/78,,,,,,
1362,2265,"1831, Sooky, tax assessment",Sooky,1831,inventory,,tax assessment,77,0,3,Joseph Carberry,998,,,http://slaveryarchive.georgetown.edu/items/show/78,,,,,,
1363,2266,"1831, Biba, tax assessment",Biba,1831,inventory,,tax assessment,38,75,3,Joseph Carberry,998,,,http://slaveryarchive.georgetown.edu/items/show/78,,,,,,
1367,2270,"1831, Kitty, tax assessment",Kitty,1831,inventory,,tax assessment,55,0,3,Joseph Carberry,998,,,http://slaveryarchive.georgetown.edu/items/show/78,,,,,,
1368,2271,"1831, Betty, tax assessment",Betty,1831,inventory,,tax assessment,25,80,3,Joseph Carberry,998,,,http://slaveryarchive.georgetown.edu/items/show/79,,,,,,
1369,2272,"1831, Daniel, tax assessment",Daniel,1831,inventory,,tax assessment,21,125,3,Joseph Carberry,998,,,http://slaveryarchive.georgetown.edu/items/show/78,,,,,,
1371,2274,"1831, Mary, tax assessment",Mary,1831,inventory,,tax assessment,27,80,3,Joseph Carberry,998,,,http://slaveryarchive.georgetown.edu/items/show/79,,,,,,
1372,2275,"1831, Gabe, tax assessment",Gabe,1831,inventory,,tax assessment,23,125,3,Joseph Carberry,998,,,http://slaveryarchive.georgetown.edu/items/show/78,,,,,,
1373,2276,"1831, Harry, tax assessment",Harry,1831,inventory,,tax assessment,66,0,3,Joseph Carberry,998,,,http://slaveryarchive.georgetown.edu/items/show/78,,,,,,
1374,2277,"1831, Frederick, tax assessment",Frederick,1831,inventory,,tax assessment,15,125,3,Joseph Carberry,998,,,http://slaveryarchive.georgetown.edu/items/show/78,,,,,,
1378,2281,"1831, Sally, tax assessment",Sally,1831,inventory,infirm,tax assessment,54,0,3,Joseph Carberry,998,,,http://slaveryarchive.georgetown.edu/items/show/78,,,,,,
1381,2284,"1831, Jim, tax assessment",Jim,1831,inventory,,tax assessment,50,50,3,Joseph Carberry,998,,,http://slaveryarchive.georgetown.edu/items/show/78,,,,,,
1383,2286,"1831, George, tax assessment",George,1831,inventory,,tax assessment,26,125,3,Joseph Carberry,998,,,http://slaveryarchive.georgetown.edu/items/show/78,,,,,,
1384,2287,"1831, Peter, tax assessment",Peter,1831,inventory,,tax assessment,28,125,3,Joseph Carberry,998,,,http://slaveryarchive.georgetown.edu/items/show/78,,,,,,
1385,2288,"1831, Henry, tax assessment",Henry,1831,inventory,fool,tax assessment,26,0,3,Joseph Carberry,998,,,http://slaveryarchive.georgetown.edu/items/show/78,,,,,,
1390,2293,"1831, Enoch, tax assessment",Enoch,1831,inventory,,tax assessment,87,0,3,Joseph Carberry,998,,,http://slaveryarchive.georgetown.edu/items/show/78,,,,,,
2443,2400,"1831, Abraham, tax assessment",Abraham,1831,inventory,,tax assessment,11,40,3,Joseph Carberry,998,,,http://slaveryarchive.georgetown.edu/items/show/79,,,,,,
2444,2401,"1831, Adelene, tax assessment",Adelene,1831,inventory,,tax assessment,23,80,3,Joseph Carberry,998,,,http://slaveryarchive.georgetown.edu/items/show/79,,,,,,
2445,2402,"1831, Alexander, tax assessment",Alexander,1831,inventory,,tax assessment,4,20,3,Joseph Carberry,998,,,http://slaveryarchive.georgetown.edu/items/show/79,,,,,,
2446,2403,"1831, Ann, tax assessment",Ann,1831,inventory,,tax assessment,3,15,3,Joseph Carberry,998,,,http://slaveryarchive.georgetown.edu/items/show/79,,,,,,
2816,2404,"1831, Anna, tax assessment",Anna,1831,inventory,,tax assessment,63,0,3,Joseph Carberry,998,,,http://slaveryarchive.georgetown.edu/items/show/78,,,,,,
2448,2407,"1831, Young Anny, tax assessment",Young Anny,1831,inventory,,tax assessment,19,80,3,Joseph Carberry,998,,,http://slaveryarchive.georgetown.edu/items/show/78,,,,,,
2449,2408,"1831, Augustin, tax assessment",Augustin,1831,inventory,,tax assessment,3m,5,3,Joseph Carberry,998,,,http://slaveryarchive.georgetown.edu/items/show/79,,,,,,
2450,2410,"1831, Basil, tax assessment",Basil,1831,inventory,,tax assessment,8,40,3,Joseph Carberry,998,,,http://slaveryarchive.georgetown.edu/items/show/79,,,,,,
2451,2411,"1831, Benedict, tax assessment",Benedict,1831,inventory,,tax assessment,3,15,3,Joseph Carberry,998,,,http://slaveryarchive.georgetown.edu/items/show/79,,,,,,
2452,2412,"1831, Bernard, tax assessment",Bernard,1831,inventory,,tax assessment,1,30,3,Joseph Carberry,998,,,http://slaveryarchive.georgetown.edu/items/show/79,,,,,,
2455,2415,"1831, Betty, tax assessment",Betty,1831,inventory,,tax assessment,2m,5,3,Joseph Carberry,998,,,http://slaveryarchive.georgetown.edu/items/show/79,,,,,,
2457,2417,"1831, Biba, tax assessment",Biba,1831,inventory,,tax assessment,8m,5,3,Joseph Carberry,998,,,http://slaveryarchive.georgetown.edu/items/show/79,,,,,,
2458,2418,"1831, Bill, tax assessment",Bill,1831,inventory,,tax assessment,25,125,3,Joseph Carberry,998,,,http://slaveryarchive.georgetown.edu/items/show/78,,,,,,
2459,2419,"1831, Bill, tax assessment",Bill,1831,inventory,,tax assessment,22,125,3,Joseph Carberry,998,,,http://slaveryarchive.georgetown.edu/items/show/78,,,,,,
2461,2421,"1831, Bridget, tax assessment",Bridget,1831,inventory,,tax assessment,13,40,3,Joseph Carberry,998,,,http://slaveryarchive.georgetown.edu/items/show/79,,,,,,
2462,2422,"1831, Bridget, tax assessment",Bridget,1831,inventory,,tax assessment,5,25,3,Joseph Carberry,998,,,http://slaveryarchive.georgetown.edu/items/show/79,,,,,,
2463,2423,"1831, Caroline, tax assessment",Caroline,1831,inventory,,tax assessment,11,40,3,Joseph Carberry,998,,,http://slaveryarchive.georgetown.edu/items/show/79,,,,,,
2465,2425,"1831, Charles, tax assessment",Charles,1831,inventory,,tax assessment,21,125,3,Joseph Carberry,998,,,http://slaveryarchive.georgetown.edu/items/show/78,,,,,,
2467,2427,"1831, Charlotte, tax assessment",Charlotte,1831,inventory,,tax assessment,2,10,3,Joseph Carberry,998,,,http://slaveryarchive.georgetown.edu/items/show/79,,,,,,
1364,2428,"1831, Dick, tax assessment",Dick,1831,inventory,,tax assessment,30,125,3,Joseph Carberry,998,,,http://slaveryarchive.georgetown.edu/items/show/78,,,,,,
2468,2429,"1831, Dick, tax assessment",Dick,1831,inventory,,tax assessment,27,125,3,Joseph Carberry,998,,,http://slaveryarchive.georgetown.edu/items/show/78,,,,,,
2470,2431,"1831, Dorsey, tax assessment",Dorsey,1831,inventory,,tax assessment,29,125,3,Joseph Carberry,998,,,http://slaveryarchive.georgetown.edu/items/show/78,,,,,,
2471,2432,"1831, Eliza, tax assessment",Eliza,1831,inventory,,tax assessment,32,80,3,Joseph Carberry,998,,,http://slaveryarchive.georgetown.edu/items/show/78,,,,,,
2472,2433,"1831, Eliza, tax assessment",Eliza,1831,inventory,,tax assessment,11,40,3,Joseph Carberry,998,,,http://slaveryarchive.georgetown.edu/items/show/79,,,,,,
2473,2434,"1831, Ellen Amanda, tax assessment",Ellen Amanda,1831,inventory,,tax assessment,2,10,3,Joseph Carberry,998,,,http://slaveryarchive.georgetown.edu/items/show/79,,,,,,
2474,2435,"1831, Emeline, tax assessment",Emeline,1831,inventory,,tax assessment,4,20,3,Joseph Carberry,998,,,http://slaveryarchive.georgetown.edu/items/show/79,,,,,,
2475,2436,"1831, Emily, tax assessment",Emily,1831,inventory,,tax assessment,1,5,3,Joseph Carberry,998,,,http://slaveryarchive.georgetown.edu/items/show/79,,,,,,
2478,2439,"1831, Frank, tax assessment",Frank,1831,inventory,,tax assessment,12,40,3,Joseph Carberry,998,,,http://slaveryarchive.georgetown.edu/items/show/79,,,,,,
2482,2445,"1831, Gullet [?], tax assessment",Gullet [?],1831,inventory,,tax assessment,2,10,3,Joseph Carberry,998,,,http://slaveryarchive.georgetown.edu/items/show/79,,,,,,
2486,2449,"1831, Henny, tax assessment",Henny,1831,inventory,,tax assessment,21,80,3,Joseph Carberry,998,,,http://slaveryarchive.georgetown.edu/items/show/78,,,,,,
2487,2450,"1831, Henny, tax assessment",Henny,1831,inventory,,tax assessment,2,10,3,Joseph Carberry,998,,,http://slaveryarchive.georgetown.edu/items/show/79,,,,,,
2491,2454,"1831, Infant, tax assessment",Infant,1831,inventory,,tax assessment,1,10,3,Joseph Carberry,998,,,http://slaveryarchive.georgetown.edu/items/show/79,,,,,,
2492,2455,"1831, Infant, tax assessment",Infant,1831,inventory,,tax assessment,1,10,3,Joseph Carberry,998,,,http://slaveryarchive.georgetown.edu/items/show/79,,,,,,
2494,2457,"1831, James, tax assessment",James,1831,inventory,,tax assessment,7,35,3,Joseph Carberry,998,,,http://slaveryarchive.georgetown.edu/items/show/79,,,,,,
2495,2458,"1831, Jenny, tax assessment",Jenny,1831,inventory,,tax assessment,13,40,3,Joseph Carberry,998,,,http://slaveryarchive.georgetown.edu/items/show/79,,,,,,
2815,2461,"1831, Joe, tax assessment",Joe,1831,inventory,,tax assessment,18,125,3,Joseph Carberry,998,,,http://slaveryarchive.georgetown.edu/items/show/78,,,,,,
2498,2462,"1831, Judah, tax assessment",Judah,1831,inventory,,tax assessment,83,0,3,Joseph Carberry,998,,,http://slaveryarchive.georgetown.edu/items/show/78,,,,,,
2501,2465,"1831, Leonard, tax assessment",Leonard,1831,inventory,,tax assessment,31,125,3,Joseph Carberry,998,,,http://slaveryarchive.georgetown.edu/items/show/78,,,,,,
2502,2466,"1831, Lewis, tax assessment",Lewis,1831,inventory,,tax assessment,5,25,3,Joseph Carberry,998,,,http://slaveryarchive.georgetown.edu/items/show/79,,,,,,
2503,2467,"1831, Little Bob, tax assessment",Little Bob,1831,inventory,,tax assessment,9,40,3,Joseph Carberry,998,,,http://slaveryarchive.georgetown.edu/items/show/79,,,,,,
2504,2468,"1831, Little Mary, tax assessment",Little Mary,1831,inventory,,tax assessment,3,15,3,Joseph Carberry,998,,,http://slaveryarchive.georgetown.edu/items/show/79,,,,,,
2505,2469,"1831, Little Nace, tax assessment",Little Nace,1831,inventory,,tax assessment,14,125,3,Joseph Carberry,998,,,http://slaveryarchive.georgetown.edu/items/show/78,,,,,,
2507,2470,"1831, Lucinda, tax assessment",Lucinda,1831,inventory,,tax assessment,4,20,3,Joseph Carberry,998,,,http://slaveryarchive.georgetown.edu/items/show/79,,,,,,
2509,2472,"1831, Lydia, tax assessment",Lydia,1831,inventory,,tax assessment,17,80,3,Joseph Carberry,998,,,http://slaveryarchive.georgetown.edu/items/show/78,,,,,,
2510,2473,"1831, Maria, tax assessment",Maria,1831,inventory,,tax assessment,25,80,3,Joseph Carberry,998,,,http://slaveryarchive.georgetown.edu/items/show/79,,,,,,
2511,2474,"1831, Martha, tax assessment",Martha,1831,inventory,,tax assessment,7,35,3,Joseph Carberry,998,,,http://slaveryarchive.georgetown.edu/items/show/79,,,,,,
2514,2477,"1831, Matthew, tax assessment",Matthew,1831,inventory,,tax assessment,3,15,3,Joseph Carberry,998,,,http://slaveryarchive.georgetown.edu/items/show/79,,,,,,
2515,2479,"1831, Nathan, tax assessment",Nathan,1831,inventory,,tax assessment,65,15,3,Joseph Carberry,998,,,http://slaveryarchive.georgetown.edu/items/show/78,,,,,,
2516,2480,"1831, Nelly, tax assessment",Nelly,1831,inventory,,tax assessment,50,10,3,Joseph Carberry,998,,,http://slaveryarchive.georgetown.edu/items/show/78,,,,,,
2517,2481,"1831, Nelly, tax assessment",Nelly,1831,inventory,,tax assessment,33,80,3,Joseph Carberry,998,,,http://slaveryarchive.georgetown.edu/items/show/79,,,,,,
2521,2486,"1831, Peter, tax assessment",Peter,1831,inventory,,tax assessment,17,125,3,Joseph Carberry,998,,,http://slaveryarchive.georgetown.edu/items/show/78,,,,,,
2522,2487,"1831, Philip, tax assessment",Philip,1831,inventory,,tax assessment,8,40,3,Joseph Carberry,998,,,http://slaveryarchive.georgetown.edu/items/show/79,,,,,,
2523,2488,"1831, Phill, tax assessment",Phill,1831,inventory,,tax assessment,50,50,3,Joseph Carberry,998,,,http://slaveryarchive.georgetown.edu/items/show/78,,,,,,
2525,2490,"1831, Regis, tax assessment",Regis,1831,inventory,,tax assessment,21,125,3,Joseph Carberry,998,,,http://slaveryarchive.georgetown.edu/items/show/78,,,,,,
2526,2491,"1831, Sally, tax assessment",Sally,1831,inventory,,tax assessment,4,30,3,Joseph Carberry,998,,,http://slaveryarchive.georgetown.edu/items/show/79,,,,,,
2527,2492,"1831, Sam, tax assessment",Sam,1831,inventory,,tax assessment,8,40,3,Joseph Carberry,998,,,http://slaveryarchive.georgetown.edu/items/show/79,,,,,,
2530,2495,"1831, Suky, tax assessment",Suky,1831,inventory,,tax assessment,16,80,3,Joseph Carberry,998,,,http://slaveryarchive.georgetown.edu/items/show/78,,,,,,
2531,2496,"1831, Susan Ann, tax assessment",Susan Ann,1831,inventory,,tax assessment,1,5,3,Joseph Carberry,998,,,http://slaveryarchive.georgetown.edu/items/show/79,,,,,,
2532,2497,"1831, Teresa, tax assessment",Teresa,1831,inventory,,tax assessment,31,80,3,Joseph Carberry,998,,,http://slaveryarchive.georgetown.edu/items/show/78,,,,,,
2535,2500,"1831, Young Harry, tax assessment",Young Harry,1831,inventory,,tax assessment,20,125,3,Joseph Carberry,998,,,http://slaveryarchive.georgetown.edu/items/show/78,,,,,,
2506,2600,"1831, Louisa, tax assessment",Louisa,1831,inventory,,tax assessment,17,80,3,Joseph Carberry,998,,,http://slaveryarchive.georgetown.edu/items/show/78,,,,,,
1454,1100,"1838, Crissy, inventory",Crissy,1838,inventory,,inventory,32,,5,,,Henry Johnson,2862,http://slaveryarchive.georgetown.edu/items/show/14,,,,,,
2010,1108,"1838, Henny, inventory",Henny,1838,inventory,,inventory,30,,5,,,Henry Johnson,2862,http://slaveryarchive.georgetown.edu/items/show/14,,,,,,
1458,1110,"1838, Matilida, inventory",Matilida,1838,inventory,,inventory,30,,5,,,Henry Johnson,2862,http://slaveryarchive.georgetown.edu/items/show/14,,,,,,
1459,1111,"1838, Daniel, inventory",Daniel,1838,inventory,,inventory,80,,5,,,Henry Johnson,2862,http://slaveryarchive.georgetown.edu/items/show/14,,,,,,
1460,1112,"1838, Margaret, inventory",Margaret,1838,inventory,,inventory,26,,5,,,Henry Johnson,2862,http://slaveryarchive.georgetown.edu/items/show/14,,,,,,
1461,1113,"1838, Nace, inventory",Nace,1838,inventory,,inventory,55,,5,,,,,,,,,,,
1462,1114,"1838, Len Queen, inventory",Len Queen,1838,inventory,,inventory,50,,5,,,Jesse Batey,2861,http://slaveryarchive.georgetown.edu/items/show/13,,,,,,
2113,1115,"1838, Len Sweetum (or Sweden), inventory",Len Sweetum (or Sweden),1838,inventory,,inventory,50,,5,,,Henry Johnson,2862,http://slaveryarchive.georgetown.edu/items/show/14,,,,,,
1738,1116,"1838, Benedict, inventory",Benedict,1838,inventory,,inventory,65,,5,,,,,,,,,,,
1182,1120,"1838, Girl (Sarah - 10) , inventory",Girl (Sarah - 10) ,1838,inventory,,inventory,10,,5,,,Jesse Batey,2861,http://slaveryarchive.georgetown.edu/items/show/13,,,,,,
1740,1121,"1838, Kitty, inventory",Kitty,1838,inventory,,inventory,50,,5,,,Jesse Batey,2861,http://slaveryarchive.georgetown.edu/items/show/13,,,,,,
2035,1127,"1838, Anny, inventory",Anny,1838,inventory,,inventory,51,,5,,,Jesse Batey,2861,http://slaveryarchive.georgetown.edu/items/show/13,,,,,,
1186,1132,"1838, Henry Johnson, inventory",Henry Johnson,1838,inventory,,inventory,10,,5,,,Henry Johnson,2862,http://slaveryarchive.georgetown.edu/items/show/12,,,,,,
2038,1140,"1838, Teresia, inventory",Teresia,1838,inventory,,inventory,70,,5,,,Henry Johnson,2862,http://slaveryarchive.georgetown.edu/items/show/14,,,,,,
1745,1143,"1838, Stephen, inventory",Stephen,1838,inventory,lame,inventory,60,,5,,,Henry Johnson,2862,http://slaveryarchive.georgetown.edu/items/show/14,,,,,,
2744,1150,"1838, John Butler, inventory",John Butler,1838,inventory,,inventory,35,,5,,,Henry Johnson,2862,http://slaveryarchive.georgetown.edu/items/show/14,,,,,,
1467,1157,"1838, Sam (Harris?), inventory",Sam (Harris?),1838,inventory,,inventory,30,,5,,,Jesse Batey,2861,http://slaveryarchive.georgetown.edu/items/show/13,,,,,,
2745,1158,"1838, John Coyle, inventory",John Coyle,1838,inventory,Coyle,inventory,21,,5,,,,,,,,,,,
1474,1164,"1838, Tom Riley, inventory",Tom Riley,1838,inventory,,inventory,16,,5,,,Henry Johnson,2862,http://slaveryarchive.georgetown.edu/items/show/12,,,,,,
1670,2228,"1838, Nace Butler, inventory",Nace Butler,1838,inventory,[strike thorugh (blacksmith)] listed as 50 in bill of sale,inventory,51,,3,,,Jesse Batey,2861,http://slaveryarchive.georgetown.edu/items/show/13,,,,,,
1983,2243,"1838, John [strike through] (Brown), inventory",John [strike through] (Brown),1838,inventory,,inventory,35,,3,,,Henry Johnson,2862,http://slaveryarchive.georgetown.edu/items/show/12,,,,,,
1984,2244,"1838, Michael, inventory",Michael,1838,inventory,married off,inventory,33,,3,,,Henry Johnson,2862,http://slaveryarchive.georgetown.edu/items/show/14,,,,,,
1985,2245,"1838, Ned, inventory",Ned,1838,inventory,,inventory,30,,3,,,,,,,,,,,
1988,2248,"1838, Regis, inventory",Regis,1838,inventory,married off,inventory,28,,3,,,Henry Johnson,2862,http://slaveryarchive.georgetown.edu/items/show/14,,,,,,
1991,2251,"1838, Nelly Merrick, inventory",Nelly Merrick,1838,inventory,,inventory,53,,3,,,Jesse Batey,2861,http://slaveryarchive.georgetown.edu/items/show/13,,,,,,
1358,2261,"1838, Watt, inventory",Watt,1838,inventory,,inventory,45,,3,,,,,,,,,,,
1363,2266,"1838, Biby (Butler?), inventory",Biby (Butler?),1838,inventory,,inventory,45,,3,,,Jesse Batey,2861,http://slaveryarchive.georgetown.edu/items/show/13,,,,,,
1367,2270,"1838, Kitty Walton, inventory",Kitty Walton,1838,inventory,,inventory,53,,3,,,Jesse Batey,2861,http://slaveryarchive.georgetown.edu/items/show/13,,,,,,
1369,2272,"1838, Daniel, inventory",Daniel,1838,inventory,,inventory,25,,3,,,,,,,,,,,
1371,2274,"1838, Mary , inventory",Mary ,1838,inventory,,inventory,38,,3,,,,,,,,,,,
1372,2275,"1838, Gabe, inventory",Gabe,1838,inventory,"blacksmith, married off",inventory,28,,3,,,Henry Johnson,2862,http://slaveryarchive.georgetown.edu/items/show/14,,,,,,
1373,2276,"1838, Harry, inventory",Harry,1838,inventory,,inventory,75,,3,,,Henry Johnson,2862,http://slaveryarchive.georgetown.edu/items/show/14,,,,,,
1374,2277,"1838, Frederick, inventory",Frederick,1838,inventory,,inventory,20,,3,,,,,,,,,,,
1378,2281,"1838, Sally, inventory",Sally,1838,inventory,,inventory,56,,3,,,Henry Johnson,2862,http://slaveryarchive.georgetown.edu/items/show/12,,,,,,
1381,2284,"1838, James, inventory",James,1838,inventory,not married,inventory,60,,3,,,Henry Johnson,2862,http://slaveryarchive.georgetown.edu/items/show/14,,,,,,
1383,2286,"1838, George, inventory",George,1838,inventory,,inventory,30,,3,,,,,,,,,,,
1384,2287,"1838, Peter, inventory",Peter,1838,inventory,married off,inventory,37,,3,,,Henry Johnson,2862,http://slaveryarchive.georgetown.edu/items/show/14,,,,,,
1385,2288,"1838, Henry, inventory",Henry,1838,inventory,,inventory,22,,3,,,,,,,,,,,
2443,2400,"1838, Abraham, inventory",Abraham,1838,inventory,,inventory,16,,3,,,,,,,,,,,
2444,2401,"1838, Adeline Campbell, inventory",Adeline Campbell,1838,inventory,,inventory,32,,3,,,Henry Johnson,2862,http://slaveryarchive.georgetown.edu/items/show/12,,,,,,
2445,2402,"1838, Alexander, inventory",Alexander,1838,inventory,,inventory,10,,3,,,,,,,,,,,
2446,2403,"1838, Anne, inventory",Anne,1838,inventory,,inventory,10,,3,,,Jesse Batey,2861,http://slaveryarchive.georgetown.edu/items/show/13,,,,,,
1377,2404,"1838, Anny, inventory",Anny,1838,inventory,,inventory,70,,3,,,Henry Johnson,2862,http://slaveryarchive.georgetown.edu/items/show/14,,,,,,
2248,2407,"1838, Anny Jones, inventory",Anny Jones,1838,inventory,,inventory,27,,3,,,Henry Johnson,2862,http://slaveryarchive.georgetown.edu/items/show/12,,,,,,
2450,2410,"1838, Basil, inventory",Basil,1838,inventory,,inventory,13,,3,,,Jesse Batey,2861,http://slaveryarchive.georgetown.edu/items/show/13,,,,,,
2457,2417,"1838, Biby, inventory",Biby,1838,inventory,,inventory,7,,3,,,Jesse Batey,2861,http://slaveryarchive.georgetown.edu/items/show/13,,,,,,
2458,2418,"1838, Bill, inventory",Bill,1838,inventory,,inventory,28,,3,,,,,,,,,,,
2459,2419,"1838, Bill Cush, inventory",Bill Cush,1838,inventory,Cusha,inventory,28,,3,,,,,,,,,,,
2461,2421,"1838, Bridget, inventory",Bridget,1838,inventory,,inventory,17,,3,,,,,,,,,,,
2462,2422,"1838, Bridget, inventory",Bridget,1838,inventory,,inventory,11,,3,,,,,,,,,,,
2463,2423,"1838, Caroline, inventory",Caroline,1838,inventory,,inventory,14,,3,,,Jesse Batey,2861,http://slaveryarchive.georgetown.edu/items/show/13,,,,,,
2467,2427,"1838, Charlotte, inventory",Charlotte,1838,inventory,,inventory,7,,3,,,,,,,,,,,
1364,2428,"1838, Dick, inventory",Dick,1838,inventory,ran away,inventory,40,,3,,,,,,,,,,,
2472,2433,"1838, Eliza, inventory",Eliza,1838,inventory,,inventory,22,,3,,,Jesse Batey,2861,http://slaveryarchive.georgetown.edu/items/show/13,,,,,,
2474,2435,"1838, Emeline Brown, inventory",Emeline Brown,1838,inventory,,inventory,10,,3,,,Henry Johnson,2862,http://slaveryarchive.georgetown.edu/items/show/12,,,,,,
2477,2438,"1838, Zeke, inventory",Zeke,1838,inventory,married off,inventory,32,,3,,,Henry Johnson,2862,http://slaveryarchive.georgetown.edu/items/show/14,,,,,,
2478,2439,"1838, Frank, inventory",Frank,1838,inventory,,inventory,20,,3,,,,,,,,,,,
2481,2444,"1838, Ginny, inventory",Ginny,1838,inventory,married off,inventory,19,,3,,,Henry Johnson,2862,http://slaveryarchive.georgetown.edu/items/show/14,,,,,,
2482,2445,"1838, Gusty, inventory",Gusty,1838,inventory,,inventory,8,,3,,,Jesse Batey,2861,http://slaveryarchive.georgetown.edu/items/show/13,,,,,,
2484,2447,"1838, Harry, inventory",Harry,1838,inventory,married off,inventory,40,,3,,,Henry Johnson,2862,http://slaveryarchive.georgetown.edu/items/show/14,,,,,,
2486,2449,"1838, Henny, inventory",Henny,1838,inventory,,inventory,28,,3,,,Henry Johnson,2862,http://slaveryarchive.georgetown.edu/items/show/14,,,,,,
2494,2457,"1838, James, inventory",James,1838,inventory,,inventory,12,,3,,,,,,,,,,,
1622,2461,"1838, Joseph, inventory",Joseph,1838,inventory,married off,inventory,22,,3,,,Henry Johnson,2862,http://slaveryarchive.georgetown.edu/items/show/14,,,,,,
2502,2466,"1838, Lewis, inventory",Lewis,1838,inventory,listed as 12,inventory,10,,3,,,Jesse Batey,2861,http://slaveryarchive.georgetown.edu/items/show/13,,,,,,
2504,2468,"1838, Mary Jane, inventory",Mary Jane,1838,inventory,,inventory,10,,3,,,,,http://slaveryarchive.georgetown.edu/items/show/9,,,,,,
2504,2468,"1838, Mary Jane, inventory",Mary Jane,1838,inventory,,inventory,10,,3,,,,,,,,,,,
2505,2469,"1838, Nace (Butler), inventory",Nace (Butler),1838,inventory,ran away,inventory,20,,3,,,,,http://slaveryarchive.georgetown.edu/items/show/9,,,,,,
2507,2470,"1838, Lucinda, inventory",Lucinda,1838,inventory,,inventory,10,,3,,,Henry Johnson,2862,http://slaveryarchive.georgetown.edu/items/show/12,,,,,,
2510,2473,"1838, Martha Anne, inventory",Martha Anne,1838,inventory,,inventory,11,,3,,,Jesse Batey,2861,http://slaveryarchive.georgetown.edu/items/show/13,,,,,,
2514,2477,"1838, Matt, inventory",Matt,1838,inventory,,inventory,10,,3,,,,,http://slaveryarchive.georgetown.edu/items/show/9,,,,,,
2514,2477,"1838, Matt, inventory",Matt,1838,inventory,,inventory,10,,3,,,,,,,,,,,
2515,2479,"1838, Nathan, inventory",Nathan,1838,inventory,,inventory,64,,3,,,Henry Johnson,2862,http://slaveryarchive.georgetown.edu/items/show/14,,,,,,
2516,2480,"1838, Nelly Barney, inventory",Nelly Barney,1838,inventory,,inventory,55,,3,,,Jesse Batey,2861,http://slaveryarchive.georgetown.edu/items/show/13,,,,,,
2517,2481,"1838, Nelly, inventory",Nelly,1838,inventory,,inventory,38,,3,,,,,,,,,,,
2523,2488,"1838, Phil Merrick, inventory",Phil Merrick,1838,inventory,,inventory,55,,3,,,Jesse Batey,2861,http://slaveryarchive.georgetown.edu/items/show/13,,,,,,
2525,2490,"1838, Regis Gough, inventory",Regis Gough,1838,inventory,"Gough, married off",inventory,28,,3,,,Henry Johnson,2862,http://slaveryarchive.georgetown.edu/items/show/14,,,,,,
2527,2492,"1838, Sam, inventory",Sam,1838,inventory,,inventory,14,,3,,,,,,,,,,,
2530,2495,"1838, Suckey, inventory",Suckey,1838,inventory,,inventory,21,,3,,,,,,,,,,,
2531,2496,"1838, Susan, inventory",Susan,1838,inventory,,inventory,8,,3,,,,,,,,,,,
2532,2497,"1838, Teresa, inventory",Teresa,1838,inventory,,inventory,42,,3,,,,,,,,,,,
2506,2600,"1838, Louisa, inventory",Louisa,1838,inventory,,inventory,23,,3,,,Henry Johnson,2862,http://slaveryarchive.georgetown.edu/items/show/14,,,,,,
1346,6069,"1838, Mary, inventory",Mary,1838,inventory,,inventory,59,,2,,,Henry Johnson,2862,http://slaveryarchive.georgetown.edu/items/show/14,,,,,,
1288,6070,"1838, John, inventory",John,1838,inventory,,inventory,31,,2,,,Henry Johnson,2862,http://slaveryarchive.georgetown.edu/items/show/14,,,,,,
1592,6071,"1838, Harry, inventory",Harry,1838,inventory,,inventory,65,,2,,,Henry Johnson,2862,http://slaveryarchive.georgetown.edu/items/show/14,,,,,,
1593,6072,"1838, Dina, inventory",Dina,1838,inventory,,inventory,68,,2,,,,,,,,,,,
1289,6073,"1838, Bill Hill, inventory",Bill Hill,1838,inventory,,inventory,29,,2,,,Jesse Batey,2861,http://slaveryarchive.georgetown.edu/items/show/13,,,,,,
1290,6075,"1838, Abraham, inventory",Abraham,1838,inventory,,inventory,27,,2,,,Henry Johnson,2862,http://slaveryarchive.georgetown.edu/items/show/14,,,,,,
1348,6077,"1838, Bibiani Plowden, inventory",Bibiani Plowden,1838,inventory,,inventory,49,,2,,,Henry Johnson,2862,http://slaveryarchive.georgetown.edu/items/show/12,,,,,,
1863,6078,"1838, Perry, inventory",Perry,1838,inventory,Carpenter,inventory,26,,2,,,,,,,,,,,
1292,6079,"1838, Jarred, inventory",Jarred,1838,inventory,,inventory,24,,2,,,Jesse Batey,2861,http://slaveryarchive.georgetown.edu/items/show/13,,,,,,
1293,6080,"1838, Charlotte, inventory",Charlotte,1838,inventory,,inventory,23,,2,,,Henry Johnson,2862,http://slaveryarchive.georgetown.edu/items/show/12,,,,,,
1294,6081,"1838, Mary, inventory",Mary,1838,inventory,,inventory,23,,2,,,Henry Johnson,2862,http://slaveryarchive.georgetown.edu/items/show/14,,,,,,
1295,6082,"1838, Julia Anne, inventory",Julia Anne,1838,inventory,,inventory,22,,2,,,Henry Johnson,2862,http://slaveryarchive.georgetown.edu/items/show/12,,,,,,
1296,6083,"1838, Dick, inventory",Dick,1838,inventory,carpenter,inventory,27,,2,,,Henry Johnson,2862,http://slaveryarchive.georgetown.edu/items/show/14,,,,,,
1297,6084,"1838, Greenfield, inventory",Greenfield,1838,inventory,,inventory,25,,2,,,Henry Johnson,2862,http://slaveryarchive.georgetown.edu/items/show/12,,,,,,
1813,6085,"1838, Joe Greenleaf, inventory",Joe Greenleaf,1838,inventory,,inventory,57,,2,,,Henry Johnson,2862,http://slaveryarchive.georgetown.edu/items/show/12,,,,,,
1349,6086,"1838, Esther Greenleaf, inventory",Esther Greenleaf,1838,inventory,,inventory,54,,2,,,Henry Johnson,2862,http://slaveryarchive.georgetown.edu/items/show/12,,,,,,
1298,6087,"1838, Rose Anne, inventory",Rose Anne,1838,inventory,,inventory,24,,2,,,Jesse Batey,2861,http://slaveryarchive.georgetown.edu/items/show/13,,,,,,
1300,6091,"1838, Ferdinand Hill, inventory",Ferdinand Hill,1838,inventory,,inventory,19,,2,,,Henry Johnson,2862,http://slaveryarchive.georgetown.edu/items/show/12,,,,,,
1301,6092,"1838, Sylvester, inventory",Sylvester,1838,inventory,,inventory,19,,2,,,Henry Johnson,2862,http://slaveryarchive.georgetown.edu/items/show/12,,,,,,
1302,6093,"1838, Christina, inventory",Christina,1838,inventory,,inventory,18,,2,,,Jesse Batey,2861,http://slaveryarchive.georgetown.edu/items/show/13,,,,,,
1303,6094,"1838, Hariet, inventory",Hariet,1838,inventory,,inventory,17,,2,,,Henry Johnson,2862,http://slaveryarchive.georgetown.edu/items/show/12,,,,,,
1306,6097,"1838, Eleonor, inventory",Eleonor,1838,inventory,,inventory,15,,2,,,Jesse Batey,2861,http://slaveryarchive.georgetown.edu/items/show/13,,,,,,
1307,6098,"1838, Mary, inventory",Mary,1838,inventory,,inventory,12,,2,,,Henry Johnson,2862,http://slaveryarchive.georgetown.edu/items/show/12,,,,,,
1309,6100,"1838, Ritta, inventory",Ritta,1838,inventory,,inventory,13,,2,,,Henry Johnson,2862,http://slaveryarchive.georgetown.edu/items/show/12,,,,,,
1310,6101,"1838, Remus, inventory",Remus,1838,inventory,,inventory,17,,2,,,Henry Johnson,2862,http://slaveryarchive.georgetown.edu/items/show/12,,,,,,
1311,6102,"1838, Milley, inventory",Milley,1838,inventory,,inventory,13,,2,,,Henry Johnson,2862,http://slaveryarchive.georgetown.edu/items/show/12,,,,,,
1312,6103,"1838, Lucy Ann, inventory",Lucy Ann,1838,inventory,,inventory,11,,2,,,Jesse Batey,2861,http://slaveryarchive.georgetown.edu/items/show/13,,,,,,
1317,6108,"1838, Alexius, inventory",Alexius,1838,inventory,,inventory,13,,2,,,Jesse Batey,2861,http://slaveryarchive.georgetown.edu/items/show/13,,,,,,
1318,6109,"1838, Priscilla Plowden, inventory",Priscilla Plowden,1838,inventory,,inventory,7,,2,,,Henry Johnson,2862,http://slaveryarchive.georgetown.edu/items/show/12,,,,,,
1864,6111,"1838, Sarah, inventory",Sarah,1838,inventory,,inventory,48,,2,,,Henry Johnson,2862,http://slaveryarchive.georgetown.edu/items/show/14,,,,,,
1326,6133,"1838, Peter, inventory",Peter,1838,inventory,,inventory,51,,2,,,Jesse Batey,2861,http://slaveryarchive.georgetown.edu/items/show/13,,,,,,
1328,6135,"1838, Stephen, inventory",Stephen,1838,inventory,,inventory,49,,2,,,Henry Johnson,2862,http://slaveryarchive.georgetown.edu/items/show/14,,,,,,
1820,6141,"1838, Bennett, inventory",Bennett,1838,inventory,,inventory,45,,2,,,Jesse Batey,2861,http://slaveryarchive.georgetown.edu/items/show/13,,,,,,
1342,6158,"1838, Clare, inventory",Clare,1838,inventory,,inventory,42,,2,,,Jesse Batey,2861,http://slaveryarchive.georgetown.edu/items/show/13,,,,,,
2770,8004,"1838, Henny (Hawkins) Adamy, inventory",Henny (Hawkins) Adamy,1838,inventory,,inventory,13,,6,,,Henry Johnson,2862,http://slaveryarchive.georgetown.edu/items/show/14,,,,,,
2821,8008,"1838, Letty Hawkins, inventory",Letty Hawkins,1838,inventory,,inventory,30,,6,,,Jesse Batey,2861,http://slaveryarchive.georgetown.edu/items/show/13,,,,,,
2766,8012,"1838, Gabriel Hawkins, inventory",Gabriel Hawkins,1838,inventory,,inventory,8,,6,,,Jesse Batey,2861,http://slaveryarchive.georgetown.edu/items/show/13,,,,,,
2799,8013,"1838, Peter Hawkins, inventory",Peter Hawkins,1838,inventory,,inventory,5,,6,,,Jesse Batey,2861,http://slaveryarchive.georgetown.edu/items/show/13,,,,,,
2775,8014,"1838, Jackson Hawkins, inventory",Jackson Hawkins,1838,inventory,,inventory,3,,6,,,Jesse Batey,2861,http://slaveryarchive.georgetown.edu/items/show/13,,,,,,
2765,8015,"1838, Elizabeth Hawkins, inventory",Elizabeth Hawkins,1838,inventory,,inventory,1,,6,,,Jesse Batey,2861,http://slaveryarchive.georgetown.edu/items/show/13,,,,,,
2777,8016,"1838, James Hawkins, inventory",James Hawkins,1838,inventory,,inventory,28,,6,,,,,,,,,,,
2758,8017,"1838, Delia Hawkins, inventory",Delia Hawkins,1838,inventory,,inventory,22,,6,,,,,,,,,,,
2808,8018,"1838, Susan Hawkins, inventory",Susan Hawkins,1838,inventory,,inventory,3,,6,,,,,,,,,,,
2767,8019,"1838, George Hawkins, inventory",George Hawkins,1838,inventory,,inventory,1,,6,,,,,,,,,,,
2774,8023,"1838, Isaac Hawkins, III, inventory","Isaac Hawkins, III",1838,inventory,,inventory,4,,6,,,Henry Johnson,2862,http://slaveryarchive.georgetown.edu/items/show/12,,,,,,
2760,8024,"1838, Elias Hawkins, inventory",Elias Hawkins,1838,inventory,,inventory,1 1/6,,6,,,Henry Johnson,2862,http://slaveryarchive.georgetown.edu/items/show/12,,,,,,
2751,8029,"1838, Anderson, inventory",Anderson,1838,inventory,,inventory,18,,6,,,,,,,,,,,
2794,8031,"1838, Ned, inventory",Ned,1838,inventory,,inventory,10,,6,,,,,,,,,,,
2797,8033,"1838, Nelly (Harrison), inventory",Nelly (Harrison),1838,inventory,,inventory,38,,6,,,Henry Johnson,2862,http://slaveryarchive.georgetown.edu/items/show/12,,,,,,
2780,8034,"1838, John (Harrison), inventory",John (Harrison),1838,inventory,,inventory,5,,6,,,Henry Johnson,2862,http://slaveryarchive.georgetown.edu/items/show/12,,,,,,
2779,8035,"1838, John , inventory",John ,1838,inventory,shoemaker,inventory,30,,6,,,,,,,,,,,
2790,8036,"1838, Nancy, inventory",Nancy,1838,inventory,,inventory,24,,6,,,,,,,,,,,
2798,8037,"1838, Patrick , inventory",Patrick ,1838,inventory,,inventory,3,,6,,,,,,,,,,,
2756,8038,"1838, Charles Queen, inventory",Charles Queen,1838,inventory,ran away,inventory,45,,6,,,,,,,,,,,
2792,8040,"1838, Nancy (Queen), inventory",Nancy (Queen),1838,inventory,[illegible],inventory,17,,6,,,,,,,,,,,
2783,8041,"1838, Margaret (Queen), inventory",Margaret (Queen),1838,inventory,,inventory,15,,6,,,,,,,,,,,
2757,8042,"1838, David Queen, inventory",David Queen,1838,inventory,,inventory,14,,6,,,,,,,,,,,
2762,8043,"1838, Eliza (Queen), inventory",Eliza (Queen),1838,inventory,Mrs. Simsteed?,inventory,12,,6,,,,,,,,,,,
2819,8045,"1838, Harriet (Queen), inventory",Harriet (Queen),1838,inventory,,inventory,5,,6,,,Henry Johnson,2862,http://slaveryarchive.georgetown.edu/items/show/12,,,,,,
2807,8046,"1838, Sarah Anne (Queen), inventory",Sarah Anne (Queen),1838,inventory,,inventory,1,,6,,,,,,,,,,,
2795,8047,"1838, Nelly, inventory",Nelly,1838,inventory,,inventory,60,,6,,,,,,,,,,,
2781,8048,"1838, Joseph, inventory",Joseph,1838,inventory,married off,inventory,40,,6,,,Henry Johnson,2862,http://slaveryarchive.georgetown.edu/items/show/14,,,,,,
2796,8049,"1838, Nelly, inventory",Nelly,1838,inventory,,inventory,16,,6,,,Henry Johnson,2862,http://slaveryarchive.georgetown.edu/items/show/12,,,,,,
2822,8050,"1838, Kitty, inventory",Kitty,1838,inventory,married freeman,inventory,22,,6,,,Henry Johnson,2862,http://slaveryarchive.georgetown.edu/items/show/14,,,,,,
2823,8051,"1838, Mary, inventory",Mary,1838,inventory,,inventory,6,,6,,,Henry Johnson,2862,http://slaveryarchive.georgetown.edu/items/show/14,,,,,,
2806,8052,"1838, Sam, inventory",Sam,1838,inventory,,inventory,4,,6,,,Henry Johnson,2862,http://slaveryarchive.georgetown.edu/items/show/14,,,,,,
2763,8053,"1838, Elizabeth, inventory",Elizabeth,1838,inventory,,inventory,1,,6,,,Henry Johnson,2862,http://slaveryarchive.georgetown.edu/items/show/14,,,,,,
2800,8054,"1838, Polly, inventory",Polly,1838,inventory,,inventory,60,,6,,,Henry Johnson,2862,http://slaveryarchive.georgetown.edu/items/show/14,,,,,,
2804,8055,"1838, Sally, inventory",Sally,1838,inventory,married off,inventory,50,,6,,,Henry Johnson,2862,http://slaveryarchive.georgetown.edu/items/show/14,,,,,,
2810,8056,"1838, William , inventory",William ,1838,inventory,ran away,inventory,21,,6,,,,,,,,,,,
2788,8057,"1838, Mary Anne Digges, inventory",Mary Anne Digges,1838,inventory,,inventory,18,,6,,,Jesse Batey,2861,http://slaveryarchive.georgetown.edu/items/show/13,,,,,,
2802,8058,"1838, Robert, inventory",Robert,1838,inventory,(an Idiot),inventory,12,,6,,,Henry Johnson,2862,http://slaveryarchive.georgetown.edu/items/show/14,,,,,,
2772,8059,"1838, Henry, inventory",Henry,1838,inventory,,inventory,8,,6,,,,,,,,,,,
2764,8061,"1838, Elizabeth, inventory",Elizabeth,1838,inventory,,inventory,23,,6,,,,,,,,,,,
2773,8062,"1838, Iasais (Isaiah), inventory",Iasais (Isaiah),1838,inventory,ran away,inventory,21,,6,,,,,,,,,,,
2789,8063,"1838, Mary Ellen, inventory",Mary Ellen,1838,inventory,,inventory,17,,6,,,Jesse Batey,2861,http://slaveryarchive.georgetown.edu/items/show/13,,,,,,
2791,8064,"1838, Nancy, inventory",Nancy,1838,inventory,ran away,inventory,15,,6,,,,,,,,,,,
2778,8066,"1838, Jemmy, inventory",Jemmy,1838,inventory,,inventory,1,,6,,,,,,,,,,,
2753,8067,"1838, Betsy, inventory",Betsy,1838,inventory,ran away,inventory,32,,6,,,,,,,,,,,
2818,8068,"1838, Austin, inventory",Austin,1838,inventory,,inventory,13,,6,,,,,,,,,,,
2750,8069,"1838, Adoph, inventory",Adoph,1838,inventory,,inventory,10,,6,,,,,,,,,,,
2771,8070,"1838, Henrietta, inventory",Henrietta,1838,inventory,,inventory,7,,6,,,,,,,,,,,
2768,8071,"1838, Hariet Ann, inventory",Hariet Ann,1838,inventory,,inventory,4,,6,,,,,,,,,,,
2793,8073,"1838, Nancy [strike through], inventory",Nancy [strike through],1838,inventory,dead,inventory,34,,6,,,,,,,,,,,
2784,8074,"1838, Margery, inventory",Margery,1838,inventory,,inventory,60,,6,,,Henry Johnson,2862,http://slaveryarchive.georgetown.edu/items/show/14,,,,,,
2782,8075,"1838, Len, inventory",Len,1838,inventory,ran away (sickly),inventory,38,,6,,,Henry Johnson,2862,http://slaveryarchive.georgetown.edu/items/show/14,,,,,,
2787,8078,"1838, Mary, inventory",Mary,1838,inventory,,inventory,1.5,,6,,,Henry Johnson,2862,http://slaveryarchive.georgetown.edu/items/show/14,,,,,,
2820,8080,"1838, James, inventory",James,1838,inventory,married to freewoman,inventory,50,,6,,,Henry Johnson,2862,http://slaveryarchive.georgetown.edu/items/show/14,,,,,,
2809,8081,"1838, Tom, inventory",Tom,1838,inventory,,inventory,45,,6,,,,,,,,,,,
2754,8082,"1838, Bill, inventory",Bill,1838,inventory,William (Idiot) in bill of sale,inventory,42,,6,,,Henry Johnson,2862,http://slaveryarchive.georgetown.edu/items/show/14,,,,,,
2761,8083,"1838, Eliza, inventory",Eliza,1838,inventory,married to freeman,inventory,26,,6,,,Henry Johnson,2862,http://slaveryarchive.georgetown.edu/items/show/14,,,,,,
2801,8084,"1838, Revidy, inventory",Revidy,1838,inventory,Reverdy in bill of sale,inventory,7,,6,,,Henry Johnson,2862,http://slaveryarchive.georgetown.edu/items/show/14,,,,,,
2824,8085,"1838, Noble, inventory",Noble,1838,inventory,,inventory,5,,6,,,Henry Johnson,2862,http://slaveryarchive.georgetown.edu/items/show/14,,,,,,
2759,8086,"1838, Edward, inventory",Edward,1838,inventory,,inventory,3,,6,,,Henry Johnson,2862,http://slaveryarchive.georgetown.edu/items/show/14,,,,,,
2811,8087,"1838, William, inventory",William,1838,inventory,,inventory,3,,6,,,Henry Johnson,2862,http://slaveryarchive.georgetown.edu/items/show/14,,,,,,
2785,8089,"1838, Maria, inventory",Maria,1838,inventory,married off,inventory,26,,6,,,Henry Johnson,2862,http://slaveryarchive.georgetown.edu/items/show/14,,,,,,
2786,8090,"1838, Maria, inventory",Maria,1838,inventory,,inventory,5,,6,,,Henry Johnson,2862,http://slaveryarchive.georgetown.edu/items/show/14,,,,,,
2812,8091,"1838, William, inventory",William,1838,inventory,,inventory,0.5,,6,,,Henry Johnson,2862,http://slaveryarchive.georgetown.edu/items/show/14,,,,,,
2826,8092,"1838, Charles, inventory",Charles,1838,inventory,[strikeover][60],inventory,75,,5,,,Henry Johnson,2862,http://slaveryarchive.georgetown.edu/items/show/14,,,,,,
2727,8098,"1838, George Harris, inventory",George Harris,1838,inventory,,inventory,65,,5,,,Jesse Batey,2861,http://slaveryarchive.georgetown.edu/items/show/13,,,,,,
2718,8102,"1838, Bernard Butler, inventory",Bernard Butler,1838,inventory,,inventory,35,,5,,,Jesse Batey,2861,http://slaveryarchive.georgetown.edu/items/show/13,,,,,,
2749,8103,"1838, William, inventory",William,1838,inventory,,inventory,18,,5,,,Henry Johnson,2862,http://slaveryarchive.georgetown.edu/items/show/12,,,,,,
2742,8105,"1838, Jim Blair, inventory",Jim Blair,1838,inventory,,inventory,12,,5,,,Henry Johnson,2862,http://slaveryarchive.georgetown.edu/items/show/12,,,,,,
2726,8107,"1838, Francis, inventory",Francis,1838,inventory,,inventory,8,,5,,,Henry Johnson,2862,http://slaveryarchive.georgetown.edu/items/show/14,,,,,,
2719,8110,"1838, Betsy, inventory",Betsy,1838,inventory,,inventory,25,,5,,,Jesse Batey,2861,http://slaveryarchive.georgetown.edu/items/show/13,,,,,,
2725,8115,"1838, Celestia, inventory",Celestia,1838,inventory,,inventory,30,,5,,,Henry Johnson,2862,http://slaveryarchive.georgetown.edu/items/show/14,,,,,,
2746,8117,"1838, Louisa, inventory",Louisa,1838,inventory,,inventory,20,,5,,,Henry Johnson,2862,http://slaveryarchive.georgetown.edu/items/show/14,,,,,,
2747,8119,"1838, Mary, inventory",Mary,1838,inventory,,inventory,55,,5,,,Henry Johnson,2862,http://slaveryarchive.georgetown.edu/items/show/14,,,,,,
2748,8120,"1838, Mary , inventory",Mary ,1838,inventory,,inventory,65,,5,,,Henry Johnson,2862,http://slaveryarchive.georgetown.edu/items/show/14,,,,,,
2743,8121,"1838, Jinny, inventory",Jinny,1838,inventory,,inventory,65,,5,,,Henry Johnson,2862,http://slaveryarchive.georgetown.edu/items/show/14,,,,,,
2711,8132,"1838, Betty, inventory",Betty,1838,inventory,,inventory,46,,2,,,,,,,,,,,
1291,8137,"1838, Susan Plowden, inventory",Susan Plowden,1838,inventory,,inventory,20,,2,,,Henry Johnson,2862,http://slaveryarchive.georgetown.edu/items/show/12,,,,,,
1299,8147,"1838, James, inventory",James,1838,inventory,,inventory,21,,2,,,Jesse Batey,2861,http://slaveryarchive.georgetown.edu/items/show/13,,,,,,
1304,8152,"1838, Emiliana, inventory",Emiliana,1838,inventory,,inventory,16,,2,,,Henry Johnson,2862,http://slaveryarchive.georgetown.edu/items/show/12,,,,,,
2712,8155,"1838, Susanna, inventory",Susanna,1838,inventory,,inventory,14,,2,,,,,,,,,,,
2713,8160,"1838, Luncina , inventory",Luncina ,1838,inventory,,inventory,10,,2,,,Henry Johnson,2862,http://slaveryarchive.georgetown.edu/items/show/12,,,,,,
2714,8161,"1838, Dina, inventory",Dina,1838,inventory,,inventory,8,,2,,,Jesse Batey,2861,http://slaveryarchive.georgetown.edu/items/show/13,,,,,,
2715,8162,"1838, Peg, inventory",Peg,1838,inventory,,inventory,8,,2,,,Jesse Batey,2861,http://slaveryarchive.georgetown.edu/items/show/13,,,,,,
2716,8164,"1838, Child of 1, inventory",Child of 1,1838,inventory,,inventory,1,,2,,,,,,,,,,,
2717,8165,"1838, Child of 2 years old, inventory",Child of 2 years old,1838,inventory,,inventory,2,,2,,,,,,,,,,,
2676,8176,"1838, Gabe, inventory",Gabe,1838,inventory,,inventory,8,,3,,,,,http://slaveryarchive.georgetown.edu/items/show/13,http://slaveryarchive.georgetown.edu/items/show/9,,,,,
2677,8178,"1838, Henry, inventory",Henry,1838,inventory,,inventory,6,,3,,,,,http://slaveryarchive.georgetown.edu/items/show/13,http://slaveryarchive.georgetown.edu/items/show/9,,,,,
2678,8179,"1838, Thomas, inventory",Thomas,1838,inventory,,inventory,5,,3,,,,,http://slaveryarchive.georgetown.edu/items/show/13,http://slaveryarchive.georgetown.edu/items/show/9,,,,,
2679,8180,"1838, Mary , inventory",Mary ,1838,inventory,,inventory,3,,3,,,,,http://slaveryarchive.georgetown.edu/items/show/13,http://slaveryarchive.georgetown.edu/items/show/9,,,,,
2680,8181,"1838, John Lewis, inventory",John Lewis,1838,inventory,,inventory,1.5,,3,,,,,http://slaveryarchive.georgetown.edu/items/show/13,http://slaveryarchive.georgetown.edu/items/show/9,,,,,
2681,8184,"1838, Amanda, inventory",Amanda,1838,inventory,,inventory,8,,3,,,,,http://slaveryarchive.georgetown.edu/items/show/12,http://slaveryarchive.georgetown.edu/items/show/9,,,,,
2682,8185,"1838, Elizabeth, inventory",Elizabeth,1838,inventory,,inventory,7,,3,,,,,http://slaveryarchive.georgetown.edu/items/show/12,http://slaveryarchive.georgetown.edu/items/show/9,,,,,
2683,8186,"1838, Billy, inventory",Billy,1838,inventory,,inventory,6,,3,,,,,http://slaveryarchive.georgetown.edu/items/show/12,http://slaveryarchive.georgetown.edu/items/show/9,,,,,
2684,8187,"1838, Biby, inventory",Biby,1838,inventory,,inventory,5,,3,,,,,,http://slaveryarchive.georgetown.edu/items/show/9,,,,,
2685,8188,"1838, Hariet Eagline, inventory",Hariet Eagline,1838,inventory,,inventory,5,,3,,,,,http://slaveryarchive.georgetown.edu/items/show/12,,,,,,
2686,8189,"1838, Robert, inventory",Robert,1838,inventory,,inventory,43,,3,,,,,,http://slaveryarchive.georgetown.edu/items/show/9,,,,,
2687,8192,"1838, Robert, inventory",Robert,1838,inventory,,inventory,14,,3,,,,,,http://slaveryarchive.georgetown.edu/items/show/9,,,,,
2689,8197,"1838, Sally Anne, inventory",Sally Anne,1838,inventory,,inventory,7,,3,,,,,,http://slaveryarchive.georgetown.edu/items/show/9,,,,,
2690,8198,"1838, Nelly, inventory",Nelly,1838,inventory,,inventory,6,,3,,,,,,http://slaveryarchive.georgetown.edu/items/show/9,,,,,
2691,8199,"1838, Charles, inventory",Charles,1838,inventory,,inventory,5,,3,,,,,,http://slaveryarchive.georgetown.edu/items/show/9,,,,,
2692,8200,"1838, Child, inventory",Child,1838,inventory,,inventory,2,,3,,,,,,http://slaveryarchive.georgetown.edu/items/show/9,,,,,
2693,8218,"1838, Arnold Jones, inventory",Arnold Jones,1838,inventory,,inventory,7,,3,,,,,http://slaveryarchive.georgetown.edu/items/show/12,,,,,,
2694,8219,"1838, Louisa, inventory",Louisa,1838,inventory,,inventory,5,,3,,,,,http://slaveryarchive.georgetown.edu/items/show/12,http://slaveryarchive.georgetown.edu/items/show/9,,,,,
2695,8220,"1838, Betsy Dorsey, inventory",Betsy Dorsey,1838,inventory,,inventory,38,,3,,,,,http://slaveryarchive.georgetown.edu/items/show/12,http://slaveryarchive.georgetown.edu/items/show/9,,,,,
2696,8221,"1838, Baney, inventory",Baney,1838,inventory,,inventory,12,,3,,,,,http://slaveryarchive.georgetown.edu/items/show/12,http://slaveryarchive.georgetown.edu/items/show/9,,,,,
2697,8223,"1838, Greenfield, inventory",Greenfield,1838,inventory,,inventory,5,,3,,,,,,http://slaveryarchive.georgetown.edu/items/show/9,,,,,
2698,8224,"1838, Daniel, inventory",Daniel,1838,inventory,,inventory,4,,3,,,,,,http://slaveryarchive.georgetown.edu/items/show/9,,,,,
2699,8230,"1838, Rachel, inventory",Rachel,1838,inventory,,inventory,11,,3,,,,,,http://slaveryarchive.georgetown.edu/items/show/9,,,,,
2700,8233,"1838, Emeline, inventory",Emeline,1838,inventory,,inventory,6,,3,,,,,,http://slaveryarchive.georgetown.edu/items/show/9,,,,,
2701,8234,"1838, Watt, inventory",Watt,1838,inventory,,inventory,3,,3,,,,,,http://slaveryarchive.georgetown.edu/items/show/9,,,,,
2702,8235,"1838, Child, inventory",Child,1838,inventory,,inventory,1,,3,,,,,,http://slaveryarchive.georgetown.edu/items/show/9,,,,,
2704,8239,"1838, Ginny, inventory",Ginny,1838,inventory,,inventory,7,,3,,,,,http://slaveryarchive.georgetown.edu/items/show/12,http://slaveryarchive.georgetown.edu/items/show/9,,,,,
2705,8240,"1838, Catherine, inventory",Catherine,1838,inventory,,inventory,4,,3,,,,,,http://slaveryarchive.georgetown.edu/items/show/9,,,,,
2706,8241,"1838, Child (Maria - 9 months), inventory",Child (Maria - 9 months),1838,inventory,,inventory,0.5,,3,,,,,http://slaveryarchive.georgetown.edu/items/show/12,http://slaveryarchive.georgetown.edu/items/show/9,,,,,
2707,8251,"1838, Alexius, inventory",Alexius,1838,inventory,married off,inventory,36,,3,,,,,http://slaveryarchive.georgetown.edu/items/show/14,http://slaveryarchive.georgetown.edu/items/show/9,,,,,
2708,8255,"1838, Girl, inventory",Girl,1838,inventory,,inventory,2,,3,,,,,,http://slaveryarchive.georgetown.edu/items/show/9,,,,,
2709,8258,"1838, Henny [strike through], inventory",Henny [strike through],1838,inventory,married off,inventory,60,,3,,,,,,http://slaveryarchive.georgetown.edu/items/show/9,,,,,
2722,8300,"1838, Boy (Charles - 1), inventory",Boy (Charles - 1),1838,inventory,,inventory,1,,5,,,Jesse Batey,2861,http://slaveryarchive.georgetown.edu/items/show/13,,,,,,
2724,8301,"1838, Boy (Sam - 1), inventory",Boy (Sam - 1),1838,inventory,,inventory,1,,5,,,Jesse Batey,2861,http://slaveryarchive.georgetown.edu/items/show/13,,,,,,
2740,8302,"1838, Girl (Nance - 8), inventory",Girl (Nance - 8),1838,inventory,,inventory,8,,5,,,Jesse Batey,2861,http://slaveryarchive.georgetown.edu/items/show/13,,,,,,
2827,8303,"1838, Girl (Eliza - 10), inventory",Girl (Eliza - 10),1838,inventory,,inventory,10,,5,,,Jesse Batey,2861,http://slaveryarchive.georgetown.edu/items/show/13,,,,,,
2738,8304,"1838, Girl (Ellen - 4) , inventory",Girl (Ellen - 4) ,1838,inventory,,inventory,4,,5,,,Jesse Batey,2861,http://slaveryarchive.georgetown.edu/items/show/13,,,,,,
2739,8305,"1838, Girl (Martha - 2), inventory",Girl (Martha - 2),1838,inventory,,inventory,2,,5,,,Jesse Batey,2861,http://slaveryarchive.georgetown.edu/items/show/13,,,,,,
2729,8307,"1838, Girl, inventory",Girl,1838,inventory,,inventory,4,,5,,,Henry Johnson,2862,http://slaveryarchive.georgetown.edu/items/show/14,,,,,,
2730,8308,"1838, Girl, inventory",Girl,1838,inventory,,inventory,1.5,,5,,,Henry Johnson,2862,http://slaveryarchive.georgetown.edu/items/show/14,,,,,,
2723,8309,"1838, Boy (Oswald - 5), inventory",Boy (Oswald - 5),1838,inventory,,inventory,5,,5,,,Jesse Batey,2861,http://slaveryarchive.georgetown.edu/items/show/13,,,,,,
2731,8311,"1838, Girl, inventory",Girl,1838,inventory,,inventory,4,,5,,,Henry Johnson,2862,http://slaveryarchive.georgetown.edu/items/show/14,,,,,,
2720,8312,"1838, Boy, inventory",Boy,1838,inventory,,inventory,8,,5,,,Henry Johnson,2862,http://slaveryarchive.georgetown.edu/items/show/14,,,,,,
2721,8313,"1838, Boy, inventory",Boy,1838,inventory,,inventory,1.5,,5,,,Henry Johnson,2862,http://slaveryarchive.georgetown.edu/items/show/14,,,,,,
2732,8314,"1838, Girl, inventory",Girl,1838,inventory,,inventory,10,,5,,,Henry Johnson,2862,http://slaveryarchive.georgetown.edu/items/show/14,,,,,,
2733,8315,"1838, Girl, inventory",Girl,1838,inventory,,inventory,4,,5,,,Henry Johnson,2862,http://slaveryarchive.georgetown.edu/items/show/14,,,,,,
2734,8316,"1838, Girl, inventory",Girl,1838,inventory,,inventory,4,,5,,,,,,,,,,,
1558,4069,"1838, Garvis, inventory",Garvis,1838,inventory,married off (Charles or Jarvis in bill of sale),inventory,60,,6,,,Henry Johnson,2862,http://slaveryarchive.georgetown.edu/items/show/14,,,,,,
1132,4091,"1838, Nelly (Hawkins) Adamy, inventory",Nelly (Hawkins) Adamy,1838,inventory,,inventory,38,,6,,,Henry Johnson,2862,http://slaveryarchive.georgetown.edu/items/show/14,,,,,,
1749,4096,"1838, Charles Hawkins, inventory",Charles Hawkins,1838,inventory,ran away,inventory,40,,6,,,Henry Johnson,2862,http://slaveryarchive.georgetown.edu/items/show/14,,,,,,
1212,4112,"1838, Simon, inventory",Simon,1838,inventory,,inventory,20,,6,,,,,,,,,,,
1758,4113,"1838, Ned, inventory",Ned,1838,inventory,,inventory,45,,6,,,,,,,,,,,
1759,4114,"1838, Rachel , inventory",Rachel ,1838,inventory,,inventory,43,,6,,,,,,,,,,,
1763,4120,"1838, Billy, inventory",Billy,1838,inventory,Married off,inventory,40,,6,,,Henry Johnson,2862,http://slaveryarchive.georgetown.edu/items/show/14,,,,,,
1678,4121,"1838, Sally, inventory",Sally,1838,inventory,,inventory,65,,6,,,Henry Johnson,2862,http://slaveryarchive.georgetown.edu/items/show/14,,,,,,
1219,4133,"1838, Cornelius (Hawkins), inventory",Cornelius (Hawkins),1838,inventory,"surname inferred from bill of sale by family; son of Nelly, not Patick and Letty",inventory,13,,6,,,Jesse Batey,2861,http://slaveryarchive.georgetown.edu/items/show/13,,,,,,
1220,4137,"1838, Louisa, inventory",Louisa,1838,inventory,,inventory,14,,6,,,,,,,,,,,
1655,4154,"1838, Isaac Hawkins, I , inventory","Isaac Hawkins, I ",1838,inventory,surname inferred from bill of sale (64) by family,inventory,65,,6,,,Henry Johnson,2862,http://slaveryarchive.georgetown.edu/items/show/14,,,,,,
1224,4158,"1838, Francis Hawkins, inventory",Francis Hawkins,1838,inventory,surname inferred from bill of sale by family,inventory,12,,6,,,Jesse Batey,2861,http://slaveryarchive.georgetown.edu/items/show/13,,,,,,
1774,4159,"1838, Patrick Hawkins, inventory",Patrick Hawkins,1838,inventory,Surname from bill of sale,inventory,35,,6,,,Jesse Batey,2861,http://slaveryarchive.georgetown.edu/items/show/13,,,,,,
1228,4168,"1838, Susan Hawkins, inventory",Susan Hawkins,1838,inventory,surname inferred from bill of sale by family,inventory,10,,6,,,Jesse Batey,2861,http://slaveryarchive.georgetown.edu/items/show/13,,,,,,
1229,4172,"1838, Cecilia (Hawkins) Adamy, inventory",Cecilia (Hawkins) Adamy,1838,inventory,,inventory,8,,6,,,Henry Johnson,2862,http://slaveryarchive.georgetown.edu/items/show/14,,,,,,
1231,4179,"1838, Martha, inventory",Martha,1838,inventory,ran away,inventory,10,,6,,,Henry Johnson,2862,http://slaveryarchive.georgetown.edu/items/show/12,,,,,,
1782,4180,"1838, Harriet, inventory",Harriet,1838,inventory,married to freeman (James Queen),inventory,43,,6,,,,,,,,,,,
1784,4185,"1838, Regis [strike through], inventory",Regis [strike through],1838,inventory,carpenter,inventory,28,,6,,,,,,,,,,,
2067,4191,"1838, Kitty Hawkins, inventory",Kitty Hawkins,1838,inventory,surname inferred from bill of sale (64) by family,inventory,28,,6,,,Henry Johnson,2862,http://slaveryarchive.georgetown.edu/items/show/12,,,,,,
1657,4193,"1838, Isaac Hawkins, II, inventory","Isaac Hawkins, II",1838,inventory,illegible,inventory,26,,6,,,,,,,,,,,
1237,4197,"1838, Ruthy (Hawkins) Adamy, inventory",Ruthy (Hawkins) Adamy,1838,inventory,,inventory,6,,6,,,Henry Johnson,2862,http://slaveryarchive.georgetown.edu/items/show/14,,,,,,
1238,4198,"1838, Nancy , inventory",Nancy ,1838,inventory,,inventory,5,,6,,,Henry Johnson,2862,http://slaveryarchive.georgetown.edu/items/show/14,,,,,,
1789,4200,"1838, Minty, inventory",Minty,1838,inventory,married to freeman,inventory,26,,6,,,Henry Johnson,2862,http://slaveryarchive.georgetown.edu/items/show/14,,,,,,
1239,4202,"1838, Austin Hawkins, inventory",Austin Hawkins,1838,inventory,surname inferred from bill of sale (64) by family,inventory,6,,6,,,Henry Johnson,2862,http://slaveryarchive.georgetown.edu/items/show/12,,,,,,
1240,4204,"1838, Martha (Queen), inventory",Martha (Queen),1838,inventory,,inventory,5,,6,,,,,,,,,,,
1790,4205,"1838, Sally Queen, inventory",Sally Queen,1838,inventory,,inventory,44,,6,,,,,,,,,,,
1794,4213,"1838, Richard, inventory",Richard,1838,inventory,,inventory,38,,6,,,Henry Johnson,2862,http://slaveryarchive.georgetown.edu/items/show/14,,,,,,
1263,6007,"1752-1800, Abraham, inventory",Abraham,1752-1800,inventory,at ye quarter,inventory,,,2,,,,,MPA-44-4-2DayBook-loose-SlaveList-blotter.json,,,,,,
1798,6031,"1752-1800, Clare, inventory",Clare,1752-1800,inventory,at ye quarter,inventory,,,2,,,,,MPA-44-4-2DayBook-loose-SlaveList-blotter.json,,,,,,
1799,6032,"1752-1800, Old Ben, inventory",Old Ben,1752-1800,inventory,at ye quarter,inventory,,,2,,,,,MPA-44-4-2DayBook-loose-SlaveList-blotter.json,,,,,,
1800,6033,"1752-1800, Nell, inventory",Nell,1752-1800,inventory,at ye quarter,inventory,,,2,,,,,MPA-44-4-2DayBook-loose-SlaveList-blotter.json,,,,,,
1802,6035,"1752-1800, Suck, inventory",Suck,1752-1800,inventory,at ye quarter,inventory,,,2,,,,,MPA-44-4-2DayBook-loose-SlaveList-blotter.json,,,,,,
1803,6036,"1752-1800, Judy, inventory",Judy,1752-1800,inventory,at ye house,inventory,,,2,,,,,MPA-44-4-2DayBook-loose-SlaveList-blotter.json,,,,,,
1804,6037,"1752-1800, Clem, inventory",Clem,1752-1800,inventory,at ye house,inventory,,,2,,,,,MPA-44-4-2DayBook-loose-SlaveList-blotter.json,,,,,,
1806,6039,"1752-1800, Ben, inventory",Ben,1752-1800,inventory,at ye house,inventory,,,2,,,,,MPA-44-4-2DayBook-loose-SlaveList-blotter.json,,,,,,
1807,6040,"1752-1800, Jim, inventory",Jim,1752-1800,inventory,at ye quarter,inventory,,,2,,,,,MPA-44-4-2DayBook-loose-SlaveList-blotter.json,,,,,,
1287,6068,"1752-1800, Henny, inventory",Henny,1752-1800,inventory,at ye house,inventory,,,2,,,,,MPA-44-4-2DayBook-loose-SlaveList-blotter.json,,,,,,
1346,6069,"1752-1800, Mary, inventory",Mary,1752-1800,inventory,,inventory,,,2,,,,,MPA-44-4-2DayBook-loose-SlaveList-blotter.json,,,,,,
1813,6085,"1752-1800, Joe, inventory",Joe,1752-1800,inventory,at ye quarter,inventory,,,2,,,,,MPA-44-4-2DayBook-loose-SlaveList-blotter.json,,,,,,
1819,6129,"1752-1800, Rebecca, inventory",Rebecca,1752-1800,inventory,at ye house,inventory,,,2,,,,,MPA-44-4-2DayBook-loose-SlaveList-blotter.json,,,,,,
1594,6166,"1752-1800, Rhode, inventory",Rhode,1752-1800,inventory,at ye house,inventory,,,2,,,,,MPA-44-4-2DayBook-loose-SlaveList-blotter.json,,,,,,
1595,6167,"1752-1800, Jack, inventory",Jack,1752-1800,inventory,at ye quarter,inventory,,,2,,,,,MPA-44-4-2DayBook-loose-SlaveList-blotter.json,,,,,,
1596,6168,"1752-1800, Sam, inventory",Sam,1752-1800,inventory,at ye quarter,inventory,,,2,,,,,MPA-44-4-2DayBook-loose-SlaveList-blotter.json,,,,,,
1597,6169,"1752-1800, Nace, inventory",Nace,1752-1800,inventory,,inventory,,,2,,,,,MPA-44-4-2DayBook-loose-SlaveList-blotter.json,,,,,,
1598,6172,"1752-1800, Jesse, inventory",Jesse,1752-1800,inventory,at ye house,inventory,,,2,,,,,MPA-44-4-2DayBook-loose-SlaveList-blotter.json,,,,,,
1194,3000,"1803-04-28, Mary, inventory",Mary,1803-04-28,inventory,,inventory,38,,4,overseen by William Corkrill,1052,John Ambrose Sauge,1011,http://slaveryarchive.georgetown.edu/items/show/167,,,,,,
1910,3003,"1803-04-28, Maria, inventory",Maria,1803-04-28,inventory,,inventory,5,,4,overseen by William Corkrill,1052,John Ambrose Sauge,1011,http://slaveryarchive.georgetown.edu/items/show/167,,,,,,
1477,3009,"1803-04-28, Nan , inventory",Nan ,1803-04-28,inventory,,inventory,45,,4,overseen by William Corkrill,1052,John Ambrose Sauge,1011,http://slaveryarchive.georgetown.edu/items/show/167,,,,,,
1482,3017,"1803-04-28, Hannah, inventory",Hannah,1803-04-28,inventory,,inventory,22,,4,overseen by William Corkrill,1052,John Ambrose Sauge,1011,http://slaveryarchive.georgetown.edu/items/show/167,,,,,,
1483,3018,"1803-04-28, John, inventory",John,1803-04-28,inventory,,inventory,16,,4,overseen by William Corkrill,1052,John Ambrose Sauge,1011,http://slaveryarchive.georgetown.edu/items/show/167,,,,,,
1485,3020,"1803-04-28, Ned, inventory",Ned,1803-04-28,inventory,3011? ,inventory,2,,4,overseen by William Corkrill,1052,John Ambrose Sauge,1011,http://slaveryarchive.georgetown.edu/items/show/167,,,,,,
1486,3021,"1803-04-28, Tilly, inventory",Tilly,1803-04-28,inventory,,inventory,20,,4,overseen by William Corkrill,1052,John Ambrose Sauge,1011,http://slaveryarchive.georgetown.edu/items/show/167,,,,,,
1487,3022,"1803-04-28, Thom, inventory",Thom,1803-04-28,inventory,ran away on 1803-04-08,inventory,24,,4,overseen by William Corkrill,1052,John Ambrose Sauge,1011,http://slaveryarchive.georgetown.edu/items/show/167,,,,,,
1195,3028,"1803-04-28, Matt, inventory",Matt,1803-04-28,inventory,,inventory,32,,4,overseen by William Corkrill,1052,John Ambrose Sauge,1011,http://slaveryarchive.georgetown.edu/items/show/167,,,,,,
2043,3031,"1803-04-28, Paul, inventory",Paul,1803-04-28,inventory,,inventory,43,,4,overseen by William Corkrill,1052,John Ambrose Sauge,1011,http://slaveryarchive.georgetown.edu/items/show/167,,,,,,
1197,3032,"1803-04-28, Sam, inventory",Sam,1803-04-28,inventory,,inventory,30,,4,overseen by William Corkrill,1052,John Ambrose Sauge,1011,http://slaveryarchive.georgetown.edu/items/show/167,,,,,,
1453,1098,"1820-1824, Nathaniel, inventory",Nathaniel,1820-1824,inventory,,inventory,,,5,,,,,MPA-46-4-StThomasAcctBk-1820-1824.json,,,,,,
1454,1100,"1820-1824, Cristina, inventory",Cristina,1820-1824,inventory,weaver,inventory,,,5,,,,,MPA-46-4-StThomasAcctBk-1820-1824.json,,,,,,
1455,1101,"1820-1824, Dolly, inventory",Dolly,1820-1824,inventory,,inventory,,,5,,,,,MPA-46-4-StThomasAcctBk-1820-1824.json,,,,,,
1456,1102,"1820-1824, Jinny Daniel, inventory",Jinny Daniel,1820-1824,inventory,,inventory,,,5,,,,,MPA-46-4-StThomasAcctBk-1820-1824.json,,,,,,
1456,1103,"1820-1824, Jinny Charles, inventory",Jinny Charles,1820-1824,inventory,,inventory,,,5,,,,,MPA-46-4-StThomasAcctBk-1820-1824.json,,,,,,
2007,1105,"1820-1824, Old Tracy, inventory",Old Tracy,1820-1824,inventory,Might be 1105,inventory,,,5,,,,,MPA-46-4-StThomasAcctBk-1820-1824.json,,,,,,
1458,1110,"1820-1824, Matilda, inventory",Matilda,1820-1824,inventory,,inventory,,,5,,,,,MPA-46-4-StThomasAcctBk-1820-1824.json,,,,,,
1459,1111,"1820-1824, Daniel, inventory",Daniel,1820-1824,inventory,,inventory,,,5,,,,,MPA-46-4-StThomasAcctBk-1820-1824.json,,,,,,
1460,1112,"1820-1824, Margaret, inventory",Margaret,1820-1824,inventory,,inventory,,,5,,,,,MPA-46-4-StThomasAcctBk-1820-1824.json,,,,,,
1461,1113,"1820-1824, Nace, inventory",Nace,1820-1824,inventory,,inventory,,,5,,,,,MPA-46-4-StThomasAcctBk-1820-1824.json,,,,,,
1462,1114,"1820-1824, Len, inventory",Len,1820-1824,inventory,,inventory,,,5,,,,,MPA-46-4-StThomasAcctBk-1820-1824.json,,,,,,
2113,1115,"1820-1824, Len, inventory",Len,1820-1824,inventory,,inventory,,,5,,,,,MPA-46-4-StThomasAcctBk-1820-1824.json,,,,,,
1463,1119,"1820-1824, Forrest, inventory",Forrest,1820-1824,inventory,,inventory,,,5,,,,,MPA-46-4-StThomasAcctBk-1820-1824.json,,,,,,
1740,1121,"1820-1824, Kitty, inventory",Kitty,1820-1824,inventory,,inventory,,,5,,,,,MPA-46-4-StThomasAcctBk-1820-1824.json,,,,,,
1464,1125,"1820-1824, Little Sam, inventory",Little Sam,1820-1824,inventory,,inventory,,,5,,,,,MPA-46-4-StThomasAcctBk-1820-1824.json,,,,,,
1465,1129,"1820-1824, Kenny, inventory",Kenny,1820-1824,inventory,,inventory,,,5,,,,,MPA-46-4-StThomasAcctBk-1820-1824.json,,,,,,
1466,1150,"1820-1824, John, inventory",John,1820-1824,inventory,,inventory,,,5,,,,,MPA-46-4-StThomasAcctBk-1820-1824.json,,,,,,
1467,1157,"1820-1824, Sam, inventory",Sam,1820-1824,inventory,,inventory,,,5,,,,,MPA-46-4-StThomasAcctBk-1820-1824.json,,,,,,
1468,1158,"1820-1824, John, inventory",John,1820-1824,inventory,,inventory,,,5,,,,,MPA-46-4-StThomasAcctBk-1820-1824.json,,,,,,
1469,1159,"1820-1824, Ann Cross, inventory",Ann Cross,1820-1824,inventory,,inventory,,,5,,,,,MPA-46-4-StThomasAcctBk-1820-1824.json,,,,,,
1470,1160,"1820-1824, Calista, inventory",Calista,1820-1824,inventory,,inventory,,,5,,,,,MPA-46-4-StThomasAcctBk-1820-1824.json,,,,,,
1471,1161,"1820-1824, Ally, inventory",Ally,1820-1824,inventory,,inventory,,,5,,,,,MPA-46-4-StThomasAcctBk-1820-1824.json,,,,,,
1472,1162,"1820-1824, Nancy, inventory",Nancy,1820-1824,inventory,,inventory,,,5,,,,,MPA-46-4-StThomasAcctBk-1820-1824.json,,,,,,
1473,1163,"1820-1824, Harry, inventory",Harry,1820-1824,inventory,,inventory,,,5,,,,,MPA-46-4-StThomasAcctBk-1820-1824.json,,,,,,
1474,1164,"1820-1824, Tom, inventory",Tom,1820-1824,inventory,,inventory,,,5,,,,,MPA-46-4-StThomasAcctBk-1820-1824.json,,,,,,
1476,1166,"1820-1824, Little Tracy, inventory",Little Tracy,1820-1824,inventory,,inventory,,,5,,,,,MPA-46-4-StThomasAcctBk-1820-1824.json,,,,,,
1672,2230,"1821-03-21, Old Tom, tax assessment",Old Tom,1821-03-21,inventory,,tax assessment,90,0,3,Joseph Carberry,998,,,http://slaveryarchive.georgetown.edu/items/show/79,,,,,,
1983,2243,"1821-03-21, John, tax assessment",John,1821-03-21,inventory,,tax assessment,18,125,3,Joseph Carberry,998,,,http://slaveryarchive.georgetown.edu/items/show/79,,,,,,
1984,2244,"1821-03-21, Michael, tax assessment",Michael,1821-03-21,inventory,,tax assessment,15,125,3,Joseph Carberry,998,,,http://slaveryarchive.georgetown.edu/items/show/79,,,,,,
1985,2245,"1821-03-21, Ned, tax assessment",Ned,1821-03-21,inventory,,tax assessment,13,40,3,Joseph Carberry,998,,,http://slaveryarchive.georgetown.edu/items/show/79,,,,,,
1986,2246,"1821-03-21, Isaac, tax assessment",Isaac,1821-03-21,inventory,,tax assessment,16,125,3,Joseph Carberry,998,,,http://slaveryarchive.georgetown.edu/items/show/79,,,,,,
1988,2248,"1821-03-21, Rgee [?], tax assessment",Rgee [?],1821-03-21,inventory,,tax assessment,14,125,3,Joseph Carberry,998,,,http://slaveryarchive.georgetown.edu/items/show/79,,,,,,
1989,2249,"1821-03-21, Basil, tax assessment",Basil,1821-03-21,inventory,,tax assessment,8,40,3,Joseph Carberry,998,,,http://slaveryarchive.georgetown.edu/items/show/79,,,,,,
1991,2251,"1821-03-21, Nelly, tax assessment",Nelly,1821-03-21,inventory,,tax assessment,46,50,3,Joseph Carberry,998,,,http://slaveryarchive.georgetown.edu/items/show/79,,,,,,
1352,2254,"1821-03-21, Bob, tax assessment",Bob,1821-03-21,inventory,,tax assessment,30,125,3,Joseph Carberry,998,,,http://slaveryarchive.georgetown.edu/items/show/79,,,,,,
1354,2257,"1821-03-21, Frederick, tax assessment",Frederick,1821-03-21,inventory,,tax assessment,48,110,3,Joseph Carberry,998,,,http://slaveryarchive.georgetown.edu/items/show/79,,,,,,
1358,2261,"1821-03-21, Watt, tax assessment",Watt,1821-03-21,inventory,Carpenter,tax assessment,31,150,3,Joseph Carberry,998,,,http://slaveryarchive.georgetown.edu/items/show/79,,,,,,
1363,2266,"1821-03-21, Biba, tax assessment",Biba,1821-03-21,inventory,,tax assessment,33,80,3,Joseph Carberry,998,,,http://slaveryarchive.georgetown.edu/items/show/79,,,,,,
1367,2270,"1821-03-21, Kitty, tax assessment",Kitty,1821-03-21,inventory,,tax assessment,45,53,3,Joseph Carberry,998,,,http://slaveryarchive.georgetown.edu/items/show/79,,,,,,
1368,2271,"1821-03-21, Betty, tax assessment",Betty,1821-03-21,inventory,,tax assessment,18,80,3,Joseph Carberry,998,,,http://slaveryarchive.georgetown.edu/items/show/79,,,,,,
1369,2272,"1821-03-21, Daniel, tax assessment",Daniel,1821-03-21,inventory,,tax assessment,12,40,3,Joseph Carberry,998,,,http://slaveryarchive.georgetown.edu/items/show/79,,,,,,
1372,2275,"1821-03-21, Gabriel, tax assessment",Gabriel,1821-03-21,inventory,,tax assessment,14,125,3,Joseph Carberry,998,,,http://slaveryarchive.georgetown.edu/items/show/79,,,,,,
1374,2277,"1821-03-21, Frederick, tax assessment",Frederick,1821-03-21,inventory,,tax assessment,6,30,3,Joseph Carberry,998,,,http://slaveryarchive.georgetown.edu/items/show/79,,,,,,
1378,2281,"1821-03-21, Sally, tax assessment",Sally,1821-03-21,inventory,,tax assessment,45,53,3,Joseph Carberry,998,,,http://slaveryarchive.georgetown.edu/items/show/79,,,,,,
1379,2282,"1821-03-21, Dolly, tax assessment",Dolly,1821-03-21,inventory,,tax assessment,17,80,3,Joseph Carberry,998,,,http://slaveryarchive.georgetown.edu/items/show/79,,,,,,
1381,2284,"1821-03-21, Jim, tax assessment",Jim,1821-03-21,inventory,,tax assessment,35,125,3,Joseph Carberry,998,,,http://slaveryarchive.georgetown.edu/items/show/79,,,,,,
1383,2286,"1821-03-21, George, tax assessment",George,1821-03-21,inventory,,tax assessment,13,40,3,Joseph Carberry,998,,,http://slaveryarchive.georgetown.edu/items/show/79,,,,,,
1384,2287,"1821-03-21, Peter, tax assessment",Peter,1821-03-21,inventory,,tax assessment,19,125,3,Joseph Carberry,998,,,http://slaveryarchive.georgetown.edu/items/show/79,,,,,,
1385,2288,"1821-03-21, Henry, tax assessment",Henry,1821-03-21,inventory,,tax assessment,8,40,3,Joseph Carberry,998,,,http://slaveryarchive.georgetown.edu/items/show/79,,,,,,
1390,2293,"1821-03-21, Enoch, tax assessment",Enoch,1821-03-21,inventory,,tax assessment,68,10,3,Joseph Carberry,998,,,http://slaveryarchive.georgetown.edu/items/show/79,,,,,,
2443,2400,"1821-03-21, Abram, tax assessment",Abram,1821-03-21,inventory,,tax assessment,1,5,3,Joseph Carberry,998,,,http://slaveryarchive.georgetown.edu/items/show/79,,,,,,
2816,2404,"1821-03-21, Anna, tax assessment",Anna,1821-03-21,inventory,,tax assessment,48,44,3,Joseph Carberry,998,,,http://slaveryarchive.georgetown.edu/items/show/79,,,,,,
2447,2406,"1821-03-21, Anna, tax assessment",Anna,1821-03-21,inventory,,tax assessment,30,80,3,Joseph Carberry,998,,,http://slaveryarchive.georgetown.edu/items/show/79,,,,,,
2448,2407,"1821-03-21, Anna, tax assessment",Anna,1821-03-21,inventory,,tax assessment,10,40,3,Joseph Carberry,998,,,http://slaveryarchive.georgetown.edu/items/show/79,,,,,,
2461,2421,"1821-03-21, Bridget, tax assessment",Bridget,1821-03-21,inventory,,tax assessment,2,10,3,Joseph Carberry,998,,,http://slaveryarchive.georgetown.edu/items/show/79,,,,,,
2464,2424,"1821-03-21, Charles, tax assessment",Charles,1821-03-21,inventory,,tax assessment,68,10,3,Joseph Carberry,998,,,http://slaveryarchive.georgetown.edu/items/show/79,,,,,,
2465,2425,"1821-03-21, Charles, tax assessment",Charles,1821-03-21,inventory,,tax assessment,13,40,3,Joseph Carberry,998,,,http://slaveryarchive.georgetown.edu/items/show/79,,,,,,
2466,2426,"1821-03-21, Charlotte, tax assessment",Charlotte,1821-03-21,inventory,,tax assessment,3,10,3,Joseph Carberry,998,,,http://slaveryarchive.georgetown.edu/items/show/79,,,,,,
1364,2428,"1821-03-21, Dick, tax assessment",Dick,1821-03-21,inventory,,tax assessment,20,125,3,Joseph Carberry,998,,,http://slaveryarchive.georgetown.edu/items/show/79,,,,,,
2472,2433,"1821-03-21, Eliza, tax assessment",Eliza,1821-03-21,inventory,,tax assessment,2,10,3,Joseph Carberry,998,,,http://slaveryarchive.georgetown.edu/items/show/79,,,,,,
2477,2438,"1821-03-21, Ezekial, tax assessment",Ezekial,1821-03-21,inventory,,tax assessment,15,125,3,Joseph Carberry,998,,,http://slaveryarchive.georgetown.edu/items/show/79,,,,,,
2478,2439,"1821-03-21, Frank, tax assessment",Frank,1821-03-21,inventory,,tax assessment,1,5,3,Joseph Carberry,998,,,http://slaveryarchive.georgetown.edu/items/show/79,,,,,,
2481,2444,"1821-03-21, Ginny, tax assessment",Ginny,1821-03-21,inventory,,tax assessment,4,20,3,Joseph Carberry,998,,,http://slaveryarchive.georgetown.edu/items/show/79,,,,,,
2483,2446,"1821-03-21, Harry, tax assessment",Harry,1821-03-21,inventory,,tax assessment,48,110,3,Joseph Carberry,998,,,http://slaveryarchive.georgetown.edu/items/show/79,,,,,,
2484,2447,"1821-03-21, Harry, tax assessment",Harry,1821-03-21,inventory,,tax assessment,21,125,3,Joseph Carberry,998,,,http://slaveryarchive.georgetown.edu/items/show/79,,,,,,
2485,2448,"1821-03-21, Harry, tax assessment",Harry,1821-03-21,inventory,,tax assessment,15,125,3,Joseph Carberry,998,,,http://slaveryarchive.georgetown.edu/items/show/79,,,,,,
2486,2449,"1821-03-21, Henny, tax assessment",Henny,1821-03-21,inventory,,tax assessment,11,40,3,Joseph Carberry,998,,,http://slaveryarchive.georgetown.edu/items/show/79,,,,,,
2489,2452,"1821-03-21, Ignatius, tax assessment",Ignatius,1821-03-21,inventory,,tax assessment,37,125,3,Joseph Carberry,998,,,http://slaveryarchive.georgetown.edu/items/show/79,,,,,,
2490,2453,"1821-03-21, Ignatius, tax assessment",Ignatius,1821-03-21,inventory,,tax assessment,4,20,3,Joseph Carberry,998,,,http://slaveryarchive.georgetown.edu/items/show/79,,,,,,
2815,2461,"1821-03-21, Joe, tax assessment",Joe,1821-03-21,inventory,,tax assessment,10,40,3,Joseph Carberry,998,,,http://slaveryarchive.georgetown.edu/items/show/79,,,,,,
2499,2463,"1821-03-21, Judd, tax assessment",Judd,1821-03-21,inventory,,tax assessment,60,8,3,Joseph Carberry,998,,,http://slaveryarchive.georgetown.edu/items/show/79,,,,,,
2500,2464,"1821-03-21, Juezar [?], tax assessment",Juezar [?],1821-03-21,inventory,,tax assessment,8,40,3,Joseph Carberry,998,,,http://slaveryarchive.georgetown.edu/items/show/79,,,,,,
2508,2471,"1821-03-21, Luck, tax assessment",Luck,1821-03-21,inventory,,tax assessment,16,125,3,Joseph Carberry,998,,,http://slaveryarchive.georgetown.edu/items/show/79,,,,,,
2509,2472,"1821-03-21, Lydia, tax assessment",Lydia,1821-03-21,inventory,,tax assessment,8,40,3,Joseph Carberry,998,,,http://slaveryarchive.georgetown.edu/items/show/79,,,,,,
2512,2475,"1821-03-21, Mary, tax assessment",Mary,1821-03-21,inventory,,tax assessment,26,80,3,Joseph Carberry,998,,,http://slaveryarchive.georgetown.edu/items/show/79,,,,,,
2513,2476,"1821-03-21, Mary, tax assessment",Mary,1821-03-21,inventory,,tax assessment,2,10,3,Joseph Carberry,998,,,http://slaveryarchive.georgetown.edu/items/show/79,,,,,,
2516,2480,"1821-03-21, Nelly, tax assessment",Nelly,1821-03-21,inventory,,tax assessment,38,74,3,Joseph Carberry,998,,,http://slaveryarchive.georgetown.edu/items/show/79,,,,,,
2517,2481,"1821-03-21, Nelly, tax assessment",Nelly,1821-03-21,inventory,,tax assessment,23,80,3,Joseph Carberry,998,,,http://slaveryarchive.georgetown.edu/items/show/79,,,,,,
2518,2482,"1821-03-21, Old Caty, tax assessment",Old Caty,1821-03-21,inventory,,tax assessment,90,0,3,Joseph Carberry,998,,,http://slaveryarchive.georgetown.edu/items/show/79,,,,,,
2520,2484,"1821-03-21, Paul, tax assessment",Paul,1821-03-21,inventory,,tax assessment,6,30,3,Joseph Carberry,998,,,http://slaveryarchive.georgetown.edu/items/show/79,,,,,,
2521,2486,"1821-03-21, Peter, tax assessment",Peter,1821-03-21,inventory,,tax assessment,6,30,3,Joseph Carberry,998,,,http://slaveryarchive.georgetown.edu/items/show/79,,,,,,
2523,2488,"1821-03-21, Phill, tax assessment",Phill,1821-03-21,inventory,,tax assessment,46,120,3,Joseph Carberry,998,,,http://slaveryarchive.georgetown.edu/items/show/79,,,,,,
2528,2493,"1821-03-21, Saml, tax assessment",Saml,1821-03-21,inventory,,tax assessment,26,125,3,Joseph Carberry,998,,,http://slaveryarchive.georgetown.edu/items/show/79,,,,,,
2529,2494,"1821-03-21, Sookey, tax assessment",Sookey,1821-03-21,inventory,,tax assessment,60,8,3,Joseph Carberry,998,,,http://slaveryarchive.georgetown.edu/items/show/79,,,,,,
2530,2495,"1821-03-21, Sookey, tax assessment",Sookey,1821-03-21,inventory,,tax assessment,6,30,3,Joseph Carberry,998,,,http://slaveryarchive.georgetown.edu/items/show/79,,,,,,
2533,2498,"1821-03-21, Trecy, tax assessment",Trecy,1821-03-21,inventory,,tax assessment,25,80,3,Joseph Carberry,998,,,http://slaveryarchive.georgetown.edu/items/show/79,,,,,,
2534,2499,"1821-03-21, Will, tax assessment",Will,1821-03-21,inventory,,tax assessment,10,40,3,Joseph Carberry,998,,,http://slaveryarchive.georgetown.edu/items/show/79,,,,,,
1775,4160,,[Kitty Hawkins],,,"first wife of Patrick, mother of Francis and Susan",,,,White Marsh,,,,,,,,,Henry Johnson,,http://slaveryarchive.georgetown.edu/items/show/14
